,Product_Price,Marketing_Cost,Sales,Date,Day_of_Week,Month,Year
0,197.42,21.81,2080.25,2021-01-01,5,1,2021
1,164.81,25.63,1771.25,2021-01-02,6,1,2021
2,128.98,32.07,1452.1499999999999,2021-01-03,7,1,2021
3,127.43,20.5,1374.8000000000002,2021-01-04,1,1,2021
4,159.07,15.7,1670.1999999999998,2021-01-05,2,1,2021
5,122.83,35.76,1406.1,2021-01-06,3,1,2021
6,111.23,46.56,1348.1,2021-01-07,4,1,2021
7,135.49,43.4,1574.9,2021-01-08,5,1,2021
8,161.75,29.24,1758.7,2021-01-09,6,1,2021
9,156.08,15.66,1641.1000000000001,2021-01-10,7,1,2021
10,124.91,13.83,1316.25,2021-01-11,1,1,2021
11,100.92,13.67,1080.55,2021-01-12,2,1,2021
12,136.91,30.67,1523.4499999999998,2021-01-13,3,1,2021
13,140.49,33.94,1571.6000000000001,2021-01-14,4,1,2021
14,167.66,11.24,1728.8,2021-01-15,5,1,2021
15,158.07,38.12,1767.2999999999997,2021-01-16,6,1,2021
16,194.83,31.38,2108.2000000000003,2021-01-17,7,1,2021
17,196.02,13.47,2032.55,2021-01-18,1,1,2021
18,196.39,17.94,2058.6,2021-01-19,2,1,2021
19,131.09,16.74,1389.6000000000001,2021-01-20,3,1,2021
20,184.18,47.28,2073.2000000000003,2021-01-21,4,1,2021
21,147.67,15.7,1560.1999999999998,2021-01-22,5,1,2021
22,169.98,24.26,1817.1,2021-01-23,6,1,2021
23,183.39,16.98,1922.8,2021-01-24,7,1,2021
24,144.83,38.4,1642.3000000000002,2021-01-25,1,1,2021
25,160.05,42.26,1812.8,2021-01-26,2,1,2021
26,180.48,19.43,1897.95,2021-01-27,3,1,2021
27,199.44,49.59,2245.35,2021-01-28,4,1,2021
28,160.78,22.58,1715.7,2021-01-29,5,1,2021
29,118.18,11.04,1237.0000000000002,2021-01-30,6,1,2021
30,133.32,40.26,1539.4999999999998,2021-01-31,7,1,2021
31,100.94,27.88,1152.8,2021-02-01,1,2,2021
32,164.35,47.52,1881.1,2021-02-02,2,2,2021
33,127.04,34.78,1443.3000000000002,2021-02-03,3,2,2021
34,170.23,10.85,1756.55,2021-02-04,4,2,2021
35,114.2,14.28,1208.4,2021-02-05,5,2,2021
36,142.66,32.71,1591.1499999999999,2021-02-06,6,2,2021
37,165.97,43.26,1873.0,2021-02-07,7,2,2021
38,178.32,21.88,1895.6,2021-02-08,1,2,2021
39,157.23,27.47,1711.6499999999999,2021-02-09,2,2,2021
40,103.69,17.08,1117.3000000000002,2021-02-10,3,2,2021
41,166.98,21.66,1780.1,2021-02-11,4,2,2021
42,142.15,33.82,1590.6,2021-02-12,5,2,2021
43,167.34,11.26,1727.7,2021-02-13,6,2,2021
44,114.29,25.26,1267.2,2021-02-14,7,2,2021
45,163.4,10.72,1688.6,2021-02-15,1,2,2021
46,129.09,35.83,1472.0500000000002,2021-02-16,2,2,2021
47,116.66,27.45,1300.85,2021-02-17,3,2,2021
48,194.61,11.59,2003.0500000000002,2021-02-18,4,2,2021
49,183.21,22.3,1946.6000000000001,2021-02-19,5,2,2021
50,197.64,35.09,2150.85,2021-02-20,6,2,2021
51,165.87,24.57,1781.55,2021-02-21,7,2,2021
52,180.56,12.62,1868.6999999999998,2021-02-22,1,2,2021
53,133.97,12.3,1397.2,2021-02-23,2,2,2021
54,144.34,36.08,1628.8000000000002,2021-02-24,3,2,2021
55,139.79,35.62,1574.9999999999998,2021-02-25,4,2,2021
56,133.64,20.1,1431.8999999999999,2021-02-26,5,2,2021
57,130.11,42.55,1512.8500000000001,2021-02-27,6,2,2021
58,154.41,36.99,1729.05,2021-02-28,7,2,2021
59,166.51,37.31,1855.6499999999999,2021-03-01,1,3,2021
60,106.09,11.89,1118.3500000000001,2021-03-02,2,3,2021
61,177.39,49.02,2024.0,2021-03-03,3,3,2021
62,116.88,14.72,1246.3999999999999,2021-03-04,4,3,2021
63,145.47,12.8,1517.7,2021-03-05,5,3,2021
64,176.61,19.45,1858.3500000000001,2021-03-06,6,3,2021
65,175.65,18.85,1853.75,2021-03-07,7,3,2021
66,109.43,34.1,1267.8000000000002,2021-03-08,1,3,2021
67,192.52,42.28,2137.6,2021-03-09,2,3,2021
68,193.68,20.34,2041.5000000000002,2021-03-10,3,3,2021
69,192.02,39.22,2120.3,2021-03-11,4,3,2021
70,134.58,19.12,1436.4,2021-03-12,5,3,2021
71,141.86,45.41,1644.65,2021-03-13,6,3,2021
72,127.06,11.15,1323.35,2021-03-14,7,3,2021
73,150.7,32.97,1671.85,2021-03-15,1,3,2021
74,180.8,28.31,1951.55,2021-03-16,2,3,2021
75,108.37,26.49,1213.15,2021-03-17,3,3,2021
76,148.37,12.57,1543.55,2021-03-18,4,3,2021
77,193.99,38.75,2138.65,2021-03-19,5,3,2021
78,180.27,37.64,1990.9,2021-03-20,6,3,2021
79,186.6,43.76,2085.8,2021-03-21,7,3,2021
80,187.05,46.57,2105.35,2021-03-22,1,3,2021
81,183.2,37.02,2015.1,2021-03-23,2,3,2021
82,151.2,35.37,1688.85,2021-03-24,3,3,2021
83,123.92,43.0,1453.2,2021-03-25,4,3,2021
84,148.31,42.26,1696.3999999999999,2021-03-26,5,3,2021
85,185.56,47.16,2095.4,2021-03-27,6,3,2021
86,168.32,16.78,1763.1,2021-03-28,7,3,2021
87,158.32,11.28,1638.6,2021-03-29,1,3,2021
88,120.14,26.21,1333.45,2021-03-30,2,3,2021
89,190.19,39.24,2098.1,2021-03-31,3,3,2021
90,174.96,48.75,1988.3500000000001,2021-04-01,4,4,2021
91,101.11,45.35,1238.85,2021-04-02,5,4,2021
92,159.75,37.15,1785.25,2021-04-03,6,4,2021
93,168.41,32.5,1851.6,2021-04-04,7,4,2021
94,197.09,18.72,2064.5,2021-04-05,1,4,2021
95,145.66,38.89,1653.05,2021-04-06,2,4,2021
96,143.63,23.8,1552.3,2021-04-07,3,4,2021
97,104.58,17.81,1139.85,2021-04-08,4,4,2021
98,123.92,18.05,1324.45,2021-04-09,5,4,2021
99,177.87,45.61,2002.75,2021-04-10,6,4,2021
100,135.29,20.04,1449.1,2021-04-11,7,4,2021
101,184.11,30.67,1996.4500000000003,2021-04-12,1,4,2021
102,164.66,21.15,1749.35,2021-04-13,2,4,2021
103,144.64,33.08,1606.7999999999997,2021-04-14,3,4,2021
104,175.79,13.1,1818.3999999999999,2021-04-15,4,4,2021
105,114.06,10.24,1194.8,2021-04-16,5,4,2021
106,191.48,31.94,2076.5,2021-04-17,6,4,2021
107,185.66,19.73,1959.25,2021-04-18,7,4,2021
108,129.75,32.48,1461.9,2021-04-19,1,4,2021
109,100.61,49.26,1251.4,2021-04-20,2,4,2021
110,176.94,43.32,1991.0,2021-04-21,3,4,2021
111,137.48,20.96,1476.6,2021-04-22,4,4,2021
112,196.47,29.47,2111.05,2021-04-23,5,4,2021
113,167.76,47.14,1911.3,2021-04-24,6,4,2021
114,120.87,17.26,1296.0,2021-04-25,7,4,2021
115,105.23,30.96,1210.1,2021-04-26,1,4,2021
116,131.81,47.22,1555.1999999999998,2021-04-27,2,4,2021
117,149.74,11.44,1551.6000000000001,2021-04-28,3,4,2021
118,175.73,25.62,1882.3999999999999,2021-04-29,4,4,2021
119,143.26,30.53,1590.25,2021-04-30,5,4,2021
120,143.48,45.56,1660.6,2021-05-01,6,5,2021
121,139.42,37.59,1580.1499999999999,2021-05-02,7,5,2021
122,138.48,49.58,1633.6999999999998,2021-05-03,1,5,2021
123,153.26,28.92,1673.1999999999998,2021-05-04,2,5,2021
124,197.63,20.91,2076.85,2021-05-05,3,5,2021
125,107.9,39.8,1283.0,2021-05-06,4,5,2021
126,129.84,34.74,1468.1000000000001,2021-05-07,5,5,2021
127,192.64,29.99,2079.35,2021-05-08,6,5,2021
128,138.78,37.24,1569.0,2021-05-09,7,5,2021
129,185.76,47.65,2090.85,2021-05-10,1,5,2021
130,183.55,34.11,2002.05,2021-05-11,2,5,2021
131,155.93,38.8,1755.3000000000002,2021-05-12,3,5,2021
132,149.75,19.3,1591.0,2021-05-13,4,5,2021
133,156.0,49.72,1808.6,2021-05-14,5,5,2021
134,100.86,25.81,1141.65,2021-05-15,6,5,2021
135,133.0,18.47,1417.35,2021-05-16,7,5,2021
136,123.79,39.21,1437.95,2021-05-17,1,5,2021
137,105.31,37.73,1240.75,2021-05-18,2,5,2021
138,104.2,44.98,1264.9,2021-05-19,3,5,2021
139,118.37,49.66,1433.0,2021-05-20,4,5,2021
140,170.69,48.73,1948.5500000000002,2021-05-21,5,5,2021
141,128.96,35.33,1461.25,2021-05-22,6,5,2021
142,126.78,40.8,1474.8,2021-05-23,7,5,2021
143,149.63,27.55,1629.05,2021-05-24,1,5,2021
144,146.85,41.65,1676.75,2021-05-25,2,5,2021
145,159.23,14.23,1661.45,2021-05-26,3,5,2021
146,186.08,16.57,1941.65,2021-05-27,4,5,2021
147,187.33,34.63,2042.4500000000003,2021-05-28,5,5,2021
148,157.23,12.12,1631.8999999999999,2021-05-29,6,5,2021
149,142.75,11.62,1490.6,2021-05-30,7,5,2021
150,151.1,35.9,1689.5,2021-05-31,1,5,2021
151,113.39,18.9,1223.4,2021-06-01,2,6,2021
152,174.77,16.89,1831.15,2021-06-02,3,6,2021
153,149.01,25.88,1614.5,2021-06-03,4,6,2021
154,158.31,46.57,1810.9499999999998,2021-06-04,5,6,2021
155,110.51,13.2,1171.1000000000001,2021-06-05,6,6,2021
156,187.46,12.38,1938.5000000000002,2021-06-06,7,6,2021
157,148.2,31.35,1634.75,2021-06-07,1,6,2021
158,169.53,41.79,1909.25,2021-06-08,2,6,2021
159,137.31,14.22,1440.1999999999998,2021-06-09,3,6,2021
160,146.86,43.72,1687.2,2021-06-10,4,6,2021
161,195.47,47.06,2191.0,2021-06-11,5,6,2021
162,197.48,11.76,2028.6,2021-06-12,6,6,2021
163,126.43,22.53,1372.9500000000003,2021-06-13,7,6,2021
164,131.76,34.23,1484.75,2021-06-14,1,6,2021
165,162.49,30.62,1777.0,2021-06-15,2,6,2021
166,199.21,14.04,2064.3,2021-06-16,3,6,2021
167,156.38,37.33,1752.4499999999998,2021-06-17,4,6,2021
168,152.59,36.52,1707.5,2021-06-18,5,6,2021
169,175.64,42.42,1972.5,2021-06-19,6,6,2021
170,116.74,42.93,1387.05,2021-06-20,7,6,2021
171,114.35,29.33,1288.15,2021-06-21,1,6,2021
172,196.45,49.5,2212.0,2021-06-22,2,6,2021
173,157.69,24.67,1698.25,2021-06-23,3,6,2021
174,137.12,29.67,1517.5500000000002,2021-06-24,4,6,2021
175,179.69,48.04,2032.1000000000001,2021-06-25,5,6,2021
176,169.78,45.31,1920.35,2021-06-26,6,6,2021
177,163.12,41.51,1838.75,2021-06-27,7,6,2021
178,135.14,44.83,1578.5499999999997,2021-06-28,1,6,2021
179,175.29,27.24,1894.1,2021-06-29,2,6,2021
180,157.49,34.51,1750.45,2021-06-30,3,6,2021
181,165.84,30.5,1806.9,2021-07-01,4,7,2021
182,195.06,26.7,2085.1,2021-07-02,5,7,2021
183,154.01,40.89,1747.55,2021-07-03,6,7,2021
184,111.07,28.84,1250.8999999999999,2021-07-04,7,7,2021
185,191.2,43.78,2129.9,2021-07-05,1,7,2021
186,124.29,12.83,1308.0500000000002,2021-07-06,2,7,2021
187,173.23,12.88,1797.7,2021-07-07,3,7,2021
188,106.52,19.55,1164.95,2021-07-08,4,7,2021
189,165.0,31.04,1807.2,2021-07-09,5,7,2021
190,190.43,49.61,2149.3500000000004,2021-07-10,6,7,2021
191,158.09,30.36,1731.7,2021-07-11,7,7,2021
192,153.28,16.86,1620.1,2021-07-12,1,7,2021
193,101.98,43.11,1231.3500000000001,2021-07-13,2,7,2021
194,196.49,30.22,2119.0,2021-07-14,3,7,2021
195,179.34,49.98,2044.3000000000002,2021-07-15,4,7,2021
196,176.83,29.8,1919.3000000000002,2021-07-16,5,7,2021
197,166.66,32.94,1835.3,2021-07-17,6,7,2021
198,184.11,17.95,1925.8500000000001,2021-07-18,7,7,2021
199,164.77,45.92,1879.3000000000002,2021-07-19,1,7,2021
200,167.45,29.93,1823.15,2021-07-20,2,7,2021
201,158.48,12.66,1647.1,2021-07-21,3,7,2021
202,146.71,22.23,1578.2500000000002,2021-07-22,4,7,2021
203,117.98,35.77,1355.65,2021-07-23,5,7,2021
204,112.86,19.42,1223.6999999999998,2021-07-24,6,7,2021
205,175.01,42.26,1966.3999999999999,2021-07-25,7,7,2021
206,199.71,26.24,2132.3,2021-07-26,1,7,2021
207,164.55,35.01,1822.55,2021-07-27,2,7,2021
208,143.25,42.54,1642.2,2021-07-28,3,7,2021
209,133.72,16.36,1420.0,2021-07-29,4,7,2021
210,182.59,19.53,1920.5500000000002,2021-07-30,5,7,2021
211,192.44,30.94,2084.1,2021-07-31,6,7,2021
212,129.46,11.27,1355.95,2021-08-01,7,8,2021
213,137.68,33.88,1543.2000000000003,2021-08-02,1,8,2021
214,105.11,32.48,1210.5,2021-08-03,2,8,2021
215,141.44,41.82,1622.5,2021-08-04,3,8,2021
216,191.24,29.61,2062.4500000000003,2021-08-05,4,8,2021
217,179.79,25.31,1924.4499999999998,2021-08-06,5,8,2021
218,179.62,19.24,1894.4,2021-08-07,6,8,2021
219,171.29,39.09,1911.35,2021-08-08,7,8,2021
220,190.6,21.59,2017.95,2021-08-09,1,8,2021
221,116.74,27.07,1305.7499999999998,2021-08-10,2,8,2021
222,142.2,40.96,1629.8,2021-08-11,3,8,2021
223,103.16,35.4,1207.6,2021-08-12,4,8,2021
224,147.29,34.61,1641.9499999999998,2021-08-13,5,8,2021
225,102.81,28.63,1166.25,2021-08-14,6,8,2021
226,106.9,11.79,1128.95,2021-08-15,7,8,2021
227,170.83,44.63,1931.4500000000003,2021-08-16,1,8,2021
228,135.21,33.14,1519.8000000000002,2021-08-17,2,8,2021
229,164.39,43.1,1861.3999999999999,2021-08-18,3,8,2021
230,110.31,16.88,1191.5,2021-08-19,4,8,2021
231,189.43,45.73,2127.9500000000003,2021-08-20,5,8,2021
232,150.46,44.9,1726.1000000000001,2021-08-21,6,8,2021
233,197.39,18.36,2061.7,2021-08-22,7,8,2021
234,159.94,17.07,1684.75,2021-08-23,1,8,2021
235,180.78,30.64,1956.0,2021-08-24,2,8,2021
236,108.95,22.51,1198.05,2021-08-25,3,8,2021
237,105.0,41.77,1260.85,2021-08-26,4,8,2021
238,150.39,33.32,1666.4999999999998,2021-08-27,5,8,2021
239,149.66,12.28,1559.0,2021-08-28,6,8,2021
240,180.52,24.01,1922.25,2021-08-29,7,8,2021
241,162.67,29.1,1775.1999999999998,2021-08-30,1,8,2021
242,131.61,13.11,1383.65,2021-08-31,2,8,2021
243,103.33,20.97,1133.1499999999999,2021-09-01,3,9,2021
244,177.49,32.39,1933.8500000000001,2021-09-02,4,9,2021
245,126.13,37.84,1446.5,2021-09-03,5,9,2021
246,108.2,35.35,1262.75,2021-09-04,6,9,2021
247,106.03,23.15,1171.05,2021-09-05,7,9,2021
248,135.19,19.9,1451.4,2021-09-06,1,9,2021
249,105.6,47.56,1294.8,2021-09-07,2,9,2021
250,104.7,39.85,1241.25,2021-09-08,3,9,2021
251,154.61,36.96,1732.9,2021-09-09,4,9,2021
252,183.86,13.0,1898.6000000000001,2021-09-10,5,9,2021
253,178.25,20.33,1885.15,2021-09-11,6,9,2021
254,173.22,31.72,1886.8,2021-09-12,7,9,2021
255,173.2,40.46,1929.3,2021-09-13,1,9,2021
256,123.71,23.21,1354.1499999999999,2021-09-14,2,9,2021
257,159.44,28.42,1736.5,2021-09-15,3,9,2021
258,133.34,41.35,1538.15,2021-09-16,4,9,2021
259,115.58,40.86,1365.1,2021-09-17,5,9,2021
260,120.11,12.14,1265.8,2021-09-18,6,9,2021
261,143.6,42.6,1654.0,2021-09-19,7,9,2021
262,156.76,36.83,1756.75,2021-09-20,1,9,2021
263,144.06,33.6,1604.6,2021-09-21,2,9,2021
264,101.34,25.59,1141.3500000000001,2021-09-22,3,9,2021
265,152.2,19.91,1623.55,2021-09-23,4,9,2021
266,150.68,12.51,1567.3500000000001,2021-09-24,5,9,2021
267,182.38,28.05,1964.05,2021-09-25,6,9,2021
268,115.12,34.77,1330.0500000000002,2021-09-26,7,9,2021
269,118.85,42.89,1405.95,2021-09-27,1,9,2021
270,185.47,13.47,1918.05,2021-09-28,2,9,2021
271,190.48,17.86,1995.1,2021-09-29,3,9,2021
272,125.66,32.59,1424.55,2021-09-30,4,9,2021
273,145.37,49.48,1705.1,2021-10-01,5,10,2021
274,172.2,25.02,1844.1,2021-10-02,6,10,2021
275,155.03,36.25,1730.55,2021-10-03,7,10,2021
276,153.56,33.69,1702.05,2021-10-04,1,10,2021
277,133.89,22.31,1448.4499999999998,2021-10-05,2,10,2021
278,174.57,31.42,1907.7999999999997,2021-10-06,3,10,2021
279,141.84,19.93,1519.0500000000002,2021-10-07,4,10,2021
280,142.52,34.74,1598.9,2021-10-08,5,10,2021
281,106.43,41.39,1273.2500000000002,2021-10-09,6,10,2021
282,158.14,34.23,1751.5499999999997,2021-10-10,7,10,2021
283,182.57,36.4,2011.6999999999998,2021-10-11,1,10,2021
284,130.05,44.7,1529.0,2021-10-12,2,10,2021
285,133.95,35.13,1520.15,2021-10-13,3,10,2021
286,122.02,29.52,1368.8,2021-10-14,4,10,2021
287,184.91,22.59,1959.05,2021-10-15,5,10,2021
288,191.0,23.69,2032.45,2021-10-16,6,10,2021
289,126.53,14.62,1341.3999999999999,2021-10-17,7,10,2021
290,195.11,41.51,2163.65,2021-10-18,1,10,2021
291,199.53,15.36,2069.1,2021-10-19,2,10,2021
292,157.55,13.82,1646.6,2021-10-20,3,10,2021
293,107.73,14.29,1147.75,2021-10-21,4,10,2021
294,112.99,29.72,1281.4999999999998,2021-10-22,5,10,2021
295,129.48,24.33,1417.45,2021-10-23,6,10,2021
296,148.16,25.45,1606.85,2021-10-24,7,10,2021
297,140.34,23.24,1517.6000000000001,2021-10-25,1,10,2021
298,141.97,29.43,1562.8500000000001,2021-10-26,2,10,2021
299,149.82,36.86,1679.4999999999998,2021-10-27,3,10,2021
300,118.07,27.51,1319.2499999999998,2021-10-28,4,10,2021
301,161.5,17.36,1697.8,2021-10-29,5,10,2021
302,192.21,15.35,2003.8500000000001,2021-10-30,6,10,2021
303,136.88,49.78,1616.7,2021-10-31,7,10,2021
304,135.4,26.39,1482.95,2021-11-01,1,11,2021
305,197.73,28.47,2114.65,2021-11-02,2,11,2021
306,160.05,45.38,1826.4,2021-11-03,3,11,2021
307,168.77,15.28,1767.1000000000001,2021-11-04,4,11,2021
308,170.22,33.95,1872.95,2021-11-05,5,11,2021
309,155.71,32.65,1725.3500000000001,2021-11-06,6,11,2021
310,138.18,42.3,1588.3000000000002,2021-11-07,7,11,2021
311,195.68,33.62,2120.9,2021-11-08,1,11,2021
312,190.59,35.17,2080.75,2021-11-09,2,11,2021
313,113.9,42.29,1350.45,2021-11-10,3,11,2021
314,132.71,10.25,1379.3500000000001,2021-11-11,4,11,2021
315,150.3,34.08,1673.4,2021-11-12,5,11,2021
316,178.25,16.97,1870.35,2021-11-13,6,11,2021
317,146.54,19.2,1564.3999999999999,2021-11-14,7,11,2021
318,170.09,39.82,1900.0,2021-11-15,1,11,2021
319,127.36,16.9,1353.1,2021-11-16,2,11,2021
320,127.51,22.77,1389.95,2021-11-17,3,11,2021
321,118.32,22.41,1293.2499999999998,2021-11-18,4,11,2021
322,188.09,13.08,1945.3000000000002,2021-11-19,5,11,2021
323,175.32,48.86,2002.4999999999998,2021-11-20,6,11,2021
324,119.19,11.14,1252.6000000000001,2021-11-21,7,11,2021
325,197.7,31.15,2136.75,2021-11-22,1,11,2021
326,109.29,15.62,1174.0,2021-11-23,2,11,2021
327,143.09,44.63,1649.0500000000002,2021-11-24,3,11,2021
328,163.77,29.12,1779.3,2021-11-25,4,11,2021
329,129.94,11.74,1362.1000000000001,2021-11-26,5,11,2021
330,108.86,13.55,1160.35,2021-11-27,6,11,2021
331,141.14,24.66,1539.6999999999998,2021-11-28,7,11,2021
332,108.89,17.11,1178.45,2021-11-29,1,11,2021
333,111.07,44.13,1328.35,2021-11-30,2,11,2021
334,130.0,40.19,1500.95,2021-12-01,3,12,2021
335,111.75,49.95,1370.25,2021-12-02,4,12,2021
336,113.08,25.12,1257.3999999999999,2021-12-03,5,12,2021
337,188.94,39.16,2090.2000000000003,2021-12-04,6,12,2021
338,123.69,14.37,1313.75,2021-12-05,7,12,2021
339,182.54,35.65,2000.6499999999999,2021-12-06,1,12,2021
340,148.48,31.79,1646.75,2021-12-07,2,12,2021
341,149.06,31.69,1648.05,2021-12-08,3,12,2021
342,169.63,37.17,1882.15,2021-12-09,4,12,2021
343,178.6,25.2,1908.0,2021-12-10,5,12,2021
344,195.23,27.97,2093.15,2021-12-11,6,12,2021
345,127.56,28.65,1415.85,2021-12-12,7,12,2021
346,127.69,40.29,1478.3500000000001,2021-12-13,1,12,2021
347,125.0,15.15,1323.75,2021-12-14,2,12,2021
348,162.08,48.98,1862.7000000000003,2021-12-15,3,12,2021
349,145.51,29.07,1603.4499999999998,2021-12-16,4,12,2021
350,163.93,28.7,1780.8000000000002,2021-12-17,5,12,2021
351,109.9,22.47,1207.35,2021-12-18,6,12,2021
352,150.94,29.42,1655.5,2021-12-19,7,12,2021
353,124.5,12.48,1306.4,2021-12-20,1,12,2021
354,157.45,17.71,1664.05,2021-12-21,2,12,2021
355,188.54,14.91,1962.9499999999998,2021-12-22,3,12,2021
356,194.72,18.85,2040.45,2021-12-23,4,12,2021
357,158.88,13.6,1656.8,2021-12-24,5,12,2021
358,120.38,21.89,1312.25,2021-12-25,6,12,2021
359,153.62,24.21,1653.25,2021-12-26,7,12,2021
360,120.97,46.15,1439.45,2021-12-27,1,12,2021
361,185.33,18.3,1941.8000000000002,2021-12-28,2,12,2021
362,186.1,18.35,1956.75,2021-12-29,3,12,2021
363,156.01,49.24,1801.3,2021-12-30,4,12,2021
364,119.17,31.39,1346.65,2021-12-31,5,12,2021
365,169.9,45.68,1922.4,2022-01-01,6,1,2022
366,194.63,18.29,2033.75,2022-01-02,7,1,2022
367,150.01,21.48,1606.5,2022-01-03,1,1,2022
368,115.63,22.88,1265.7,2022-01-04,2,1,2022
369,151.54,19.61,1613.4499999999998,2022-01-05,3,1,2022
370,177.98,20.01,1881.85,2022-01-06,4,1,2022
371,109.05,43.93,1310.15,2022-01-07,5,1,2022
372,186.87,20.93,1968.3500000000001,2022-01-08,6,1,2022
373,153.41,22.49,1643.55,2022-01-09,7,1,2022
374,106.66,44.19,1290.55,2022-01-10,1,1,2022
375,157.43,12.81,1633.3500000000001,2022-01-11,2,1,2022
376,155.05,17.1,1641.0,2022-01-12,3,1,2022
377,168.94,31.62,1847.5,2022-01-13,4,1,2022
378,144.4,26.15,1573.75,2022-01-14,5,1,2022
379,168.03,48.98,1927.1999999999998,2022-01-15,6,1,2022
380,124.08,39.19,1432.75,2022-01-16,7,1,2022
381,198.68,33.06,2149.1000000000004,2022-01-17,1,1,2022
382,183.12,32.2,1997.2,2022-01-18,2,1,2022
383,174.97,47.69,1985.15,2022-01-19,3,1,2022
384,150.57,43.84,1723.8999999999999,2022-01-20,4,1,2022
385,162.23,35.29,1793.75,2022-01-21,5,1,2022
386,148.37,36.62,1666.8,2022-01-22,6,1,2022
387,178.44,48.1,2025.9,2022-01-23,7,1,2022
388,160.08,31.68,1762.2000000000003,2022-01-24,1,1,2022
389,186.12,38.96,2051.0,2022-01-25,2,1,2022
390,152.06,39.12,1713.1999999999998,2022-01-26,3,1,2022
391,123.42,17.19,1321.15,2022-01-27,4,1,2022
392,168.47,29.61,1830.75,2022-01-28,5,1,2022
393,154.76,34.62,1721.6999999999998,2022-01-29,6,1,2022
394,193.66,41.93,2151.25,2022-01-30,7,1,2022
395,166.56,34.9,1839.1,2022-01-31,1,1,2022
396,124.74,41.01,1453.4499999999998,2022-02-01,2,2,2022
397,188.6,24.53,2004.65,2022-02-02,3,2,2022
398,166.04,27.04,1792.6,2022-02-03,4,2,2022
399,170.39,14.71,1782.4499999999998,2022-02-04,5,2,2022
400,175.69,10.84,1807.1000000000001,2022-02-05,6,2,2022
401,173.51,49.2,1979.1,2022-02-06,7,2,2022
402,191.76,34.25,2091.85,2022-02-07,1,2,2022
403,171.33,33.38,1881.2000000000003,2022-02-08,2,2,2022
404,131.48,10.39,1370.75,2022-02-09,3,2,2022
405,123.61,20.75,1344.85,2022-02-10,4,2,2022
406,105.12,15.35,1130.95,2022-02-11,5,2,2022
407,148.06,17.26,1568.8999999999999,2022-02-12,6,2,2022
408,146.15,35.92,1643.1,2022-02-13,7,2,2022
409,197.34,39.33,2175.05,2022-02-14,1,2,2022
410,140.25,41.12,1611.1,2022-02-15,2,2,2022
411,180.59,24.49,1928.3500000000001,2022-02-16,3,2,2022
412,101.61,25.09,1142.55,2022-02-17,4,2,2022
413,140.52,34.21,1580.25,2022-02-18,5,2,2022
414,161.34,37.41,1799.45,2022-02-19,6,2,2022
415,160.11,23.19,1721.0500000000002,2022-02-20,7,2,2022
416,163.06,44.0,1854.6,2022-02-21,1,2,2022
417,123.57,42.74,1452.3999999999999,2022-02-22,2,2,2022
418,151.36,10.21,1564.65,2022-02-23,3,2,2022
419,164.97,10.24,1703.9,2022-02-24,4,2,2022
420,121.6,28.72,1356.6,2022-02-25,5,2,2022
421,144.42,32.18,1600.1,2022-02-26,6,2,2022
422,160.06,18.92,1693.1999999999998,2022-02-27,7,2,2022
423,124.77,42.88,1457.1000000000001,2022-02-28,1,2,2022
424,140.22,17.18,1491.1000000000001,2022-03-01,2,3,2022
425,190.97,18.53,1997.3500000000001,2022-03-02,3,3,2022
426,186.41,40.89,2063.5499999999997,2022-03-03,4,3,2022
427,186.59,36.57,2050.75,2022-03-04,5,3,2022
428,185.78,44.77,2083.65,2022-03-05,6,3,2022
429,129.26,41.64,1505.8,2022-03-06,7,3,2022
430,164.53,41.9,1850.8,2022-03-07,1,3,2022
431,153.8,22.43,1653.15,2022-03-08,2,3,2022
432,199.48,26.4,2123.8,2022-03-09,3,3,2022
433,129.52,34.69,1467.65,2022-03-10,4,3,2022
434,101.56,32.8,1180.6,2022-03-11,5,3,2022
435,171.36,12.51,1776.15,2022-03-12,6,3,2022
436,170.41,38.51,1901.6499999999999,2022-03-13,7,3,2022
437,117.86,31.51,1332.1499999999999,2022-03-14,1,3,2022
438,143.76,17.85,1525.85,2022-03-15,2,3,2022
439,178.83,44.61,2015.3500000000001,2022-03-16,3,3,2022
440,123.67,28.48,1379.1000000000001,2022-03-17,4,3,2022
441,159.29,25.42,1716.9999999999998,2022-03-18,5,3,2022
442,102.97,38.43,1219.8500000000001,2022-03-19,6,3,2022
443,127.65,49.96,1528.3,2022-03-20,7,3,2022
444,161.9,27.58,1754.9,2022-03-21,1,3,2022
445,124.82,46.4,1481.1999999999998,2022-03-22,2,3,2022
446,171.13,20.02,1807.3999999999999,2022-03-23,3,3,2022
447,176.83,23.06,1886.6000000000001,2022-03-24,4,3,2022
448,169.52,29.95,1846.95,2022-03-25,5,3,2022
449,196.22,45.14,2190.9,2022-03-26,6,3,2022
450,106.13,16.69,1144.75,2022-03-27,7,3,2022
451,141.38,25.82,1540.8999999999999,2022-03-28,1,3,2022
452,193.71,37.57,2122.9500000000003,2022-03-29,2,3,2022
453,187.93,22.01,1986.3500000000001,2022-03-30,3,3,2022
454,103.86,28.64,1177.8,2022-03-31,4,3,2022
455,141.38,28.9,1560.3,2022-04-01,5,4,2022
456,117.74,37.01,1367.4499999999998,2022-04-02,6,4,2022
457,127.01,33.84,1434.3000000000002,2022-04-03,7,4,2022
458,198.5,28.16,2123.8,2022-04-04,1,4,2022
459,191.37,47.8,2148.7,2022-04-05,2,4,2022
460,145.0,31.59,1605.95,2022-04-06,3,4,2022
461,105.52,29.95,1203.95,2022-04-07,4,4,2022
462,176.35,32.44,1927.7,2022-04-08,5,4,2022
463,124.66,27.59,1388.55,2022-04-09,6,4,2022
464,128.1,11.45,1334.25,2022-04-10,7,4,2022
465,105.65,37.24,1246.7,2022-04-11,1,4,2022
466,125.45,27.97,1399.35,2022-04-12,2,4,2022
467,189.81,29.56,2048.8999999999996,2022-04-13,3,4,2022
468,174.52,30.31,1898.75,2022-04-14,4,4,2022
469,181.68,11.39,1871.7500000000002,2022-04-15,5,4,2022
470,182.1,48.7,2063.5,2022-04-16,6,4,2022
471,149.54,27.77,1636.2499999999998,2022-04-17,7,4,2022
472,111.28,49.95,1360.55,2022-04-18,1,4,2022
473,101.89,50.0,1270.9,2022-04-19,2,4,2022
474,109.82,13.44,1170.3999999999999,2022-04-20,3,4,2022
475,124.71,10.58,1298.0,2022-04-21,4,4,2022
476,102.23,33.77,1189.15,2022-04-22,5,4,2022
477,164.25,49.05,1883.75,2022-04-23,6,4,2022
478,167.94,22.93,1792.0500000000002,2022-04-24,7,4,2022
479,173.62,10.99,1795.15,2022-04-25,1,4,2022
480,139.94,25.83,1529.5500000000002,2022-04-26,2,4,2022
481,115.86,35.58,1335.5,2022-04-27,3,4,2022
482,149.24,21.24,1601.6000000000001,2022-04-28,4,4,2022
483,109.88,49.77,1350.65,2022-04-29,5,4,2022
484,124.17,33.27,1409.0500000000002,2022-04-30,6,4,2022
485,157.11,22.61,1681.15,2022-05-01,7,5,2022
486,105.13,24.6,1170.3,2022-05-02,1,5,2022
487,154.26,36.78,1731.5,2022-05-03,2,5,2022
488,188.29,47.73,2120.5499999999997,2022-05-04,3,5,2022
489,160.55,14.75,1674.25,2022-05-05,4,5,2022
490,124.3,15.11,1320.55,2022-05-06,5,5,2022
491,104.11,17.3,1128.6,2022-05-07,6,5,2022
492,116.37,44.92,1393.3000000000002,2022-05-08,7,5,2022
493,138.25,10.3,1434.0,2022-05-09,1,5,2022
494,119.2,47.74,1434.7,2022-05-10,2,5,2022
495,102.67,22.99,1145.65,2022-05-11,3,5,2022
496,173.17,28.28,1874.1,2022-05-12,4,5,2022
497,123.15,45.39,1458.45,2022-05-13,5,5,2022
498,125.45,26.28,1390.9,2022-05-14,6,5,2022
499,113.57,33.13,1302.35,2022-05-15,7,5,2022
500,198.29,43.98,2198.7999999999997,2022-05-16,1,5,2022
501,149.18,49.21,1738.8500000000001,2022-05-17,2,5,2022
502,171.09,36.65,1898.15,2022-05-18,3,5,2022
503,167.27,35.33,1853.35,2022-05-19,4,5,2022
504,171.77,32.8,1883.7,2022-05-20,5,5,2022
505,162.17,41.94,1831.3999999999999,2022-05-21,6,5,2022
506,104.37,14.47,1112.05,2022-05-22,7,5,2022
507,100.43,12.1,1059.8000000000002,2022-05-23,1,5,2022
508,196.03,13.52,2024.8999999999999,2022-05-24,2,5,2022
509,154.18,39.92,1740.4,2022-05-25,3,5,2022
510,198.52,24.07,2100.55,2022-05-26,4,5,2022
511,158.62,42.32,1792.8,2022-05-27,5,5,2022
512,108.49,40.31,1281.4499999999998,2022-05-28,6,5,2022
513,187.28,35.94,2048.5,2022-05-29,7,5,2022
514,110.68,27.23,1245.9500000000003,2022-05-30,1,5,2022
515,192.22,39.62,2116.3,2022-05-31,2,5,2022
516,107.16,31.59,1233.55,2022-06-01,3,6,2022
517,171.86,17.32,1806.2,2022-06-02,4,6,2022
518,191.92,36.17,2104.0499999999997,2022-06-03,5,6,2022
519,138.96,49.28,1632.0000000000002,2022-06-04,6,6,2022
520,170.78,34.5,1876.3,2022-06-05,7,6,2022
521,191.33,36.95,2099.05,2022-06-06,1,6,2022
522,122.95,25.04,1351.7,2022-06-07,2,6,2022
523,116.04,13.33,1225.0500000000002,2022-06-08,3,6,2022
524,144.3,10.48,1492.4,2022-06-09,4,6,2022
525,139.41,39.51,1593.6499999999999,2022-06-10,5,6,2022
526,171.77,44.25,1940.95,2022-06-11,6,6,2022
527,118.04,31.33,1338.0500000000002,2022-06-12,7,6,2022
528,187.63,35.01,2056.35,2022-06-13,1,6,2022
529,115.71,42.6,1365.1,2022-06-14,2,6,2022
530,118.32,10.23,1231.35,2022-06-15,3,6,2022
531,124.37,10.82,1300.8,2022-06-16,4,6,2022
532,185.07,19.0,1949.6999999999998,2022-06-17,5,6,2022
533,151.81,28.0,1660.1,2022-06-18,6,6,2022
534,135.48,23.67,1478.1499999999999,2022-06-19,7,6,2022
535,102.38,41.0,1225.8,2022-06-20,1,6,2022
536,139.21,16.47,1479.45,2022-06-21,2,6,2022
537,174.42,19.71,1844.7499999999998,2022-06-22,3,6,2022
538,116.04,38.86,1359.7,2022-06-23,4,6,2022
539,111.92,45.61,1348.25,2022-06-24,5,6,2022
540,111.74,25.34,1243.1,2022-06-25,6,6,2022
541,145.73,14.98,1533.2,2022-06-26,7,6,2022
542,160.08,12.92,1662.4,2022-06-27,1,6,2022
543,106.87,10.52,1121.3,2022-06-28,2,6,2022
544,184.4,24.27,1962.35,2022-06-29,3,6,2022
545,137.6,30.74,1533.7,2022-06-30,4,6,2022
546,147.35,21.83,1582.65,2022-07-01,5,7,2022
547,165.23,32.5,1812.8,2022-07-02,6,7,2022
548,152.2,14.0,1597.0,2022-07-03,7,7,2022
549,119.47,17.33,1283.3500000000001,2022-07-04,1,7,2022
550,198.3,11.07,2042.35,2022-07-05,2,7,2022
551,141.68,40.02,1611.9,2022-07-06,3,7,2022
552,127.04,34.45,1443.65,2022-07-07,4,7,2022
553,147.5,48.82,1721.1,2022-07-08,5,7,2022
554,143.3,48.56,1671.8,2022-07-09,6,7,2022
555,157.84,28.82,1722.5,2022-07-10,7,7,2022
556,188.85,37.45,2076.75,2022-07-11,1,7,2022
557,188.68,12.97,1953.65,2022-07-12,2,7,2022
558,168.53,46.43,1914.45,2022-07-13,3,7,2022
559,153.75,49.59,1787.45,2022-07-14,4,7,2022
560,151.32,44.74,1735.8999999999999,2022-07-15,5,7,2022
561,168.47,43.22,1900.8,2022-07-16,6,7,2022
562,124.71,26.8,1378.1,2022-07-17,7,7,2022
563,100.59,24.39,1122.8500000000001,2022-07-18,1,7,2022
564,121.12,40.71,1412.75,2022-07-19,2,7,2022
565,186.32,20.93,1964.85,2022-07-20,3,7,2022
566,199.79,33.68,2162.2999999999997,2022-07-21,4,7,2022
567,154.58,33.62,1717.9,2022-07-22,5,7,2022
568,165.67,15.35,1731.4499999999998,2022-07-23,6,7,2022
569,127.73,20.95,1384.05,2022-07-24,7,7,2022
570,126.47,39.16,1465.5,2022-07-25,1,7,2022
571,121.49,42.12,1425.4999999999998,2022-07-26,2,7,2022
572,138.34,32.4,1541.4,2022-07-27,3,7,2022
573,118.64,40.02,1383.5,2022-07-28,4,7,2022
574,125.36,34.64,1429.8,2022-07-29,5,7,2022
575,118.18,14.56,1259.6000000000001,2022-07-30,6,7,2022
576,131.79,10.99,1376.85,2022-07-31,7,7,2022
577,108.16,10.87,1134.9499999999998,2022-08-01,1,8,2022
578,132.01,16.0,1397.1,2022-08-02,2,8,2022
579,127.91,39.42,1481.1999999999998,2022-08-03,3,8,2022
580,110.83,22.76,1222.1,2022-08-04,4,8,2022
581,111.79,14.59,1195.8500000000001,2022-08-05,5,8,2022
582,165.98,37.97,1853.6499999999999,2022-08-06,6,8,2022
583,182.55,36.16,2001.3,2022-08-07,7,8,2022
584,122.48,47.21,1464.85,2022-08-08,1,8,2022
585,122.64,35.65,1407.65,2022-08-09,2,8,2022
586,108.82,12.64,1150.3999999999999,2022-08-10,3,8,2022
587,173.16,16.43,1814.75,2022-08-11,4,8,2022
588,112.72,17.94,1215.9,2022-08-12,5,8,2022
589,197.37,28.52,2113.3,2022-08-13,6,8,2022
590,102.8,24.18,1149.9,2022-08-14,7,8,2022
591,114.0,46.04,1373.2,2022-08-15,1,8,2022
592,130.44,18.67,1396.75,2022-08-16,2,8,2022
593,159.78,18.59,1690.75,2022-08-17,3,8,2022
594,170.51,40.12,1910.6999999999998,2022-08-18,4,8,2022
595,177.97,37.92,1974.3000000000002,2022-08-19,5,8,2022
596,118.59,10.6,1236.9,2022-08-20,6,8,2022
597,112.61,21.97,1235.9499999999998,2022-08-21,7,8,2022
598,183.82,26.49,1966.6499999999999,2022-08-22,1,8,2022
599,194.27,23.62,2061.8,2022-08-23,2,8,2022
600,101.47,40.28,1218.1000000000001,2022-08-24,3,8,2022
601,112.16,46.23,1354.75,2022-08-25,4,8,2022
602,190.02,44.94,2121.9,2022-08-26,5,8,2022
603,150.21,31.42,1656.2000000000003,2022-08-27,6,8,2022
604,191.96,10.98,1974.5000000000002,2022-08-28,7,8,2022
605,122.07,15.84,1304.8999999999999,2022-08-29,1,8,2022
606,198.49,17.99,2069.85,2022-08-30,2,8,2022
607,156.15,37.06,1749.8,2022-08-31,3,8,2022
608,188.71,17.53,1978.7500000000002,2022-09-01,4,9,2022
609,166.45,26.96,1800.3,2022-09-02,5,9,2022
610,198.39,11.85,2048.1499999999996,2022-09-03,6,9,2022
611,198.01,10.77,2030.9499999999998,2022-09-04,7,9,2022
612,155.48,28.21,1694.85,2022-09-05,1,9,2022
613,150.33,14.96,1582.1000000000001,2022-09-06,2,9,2022
614,130.1,33.74,1468.7,2022-09-07,3,9,2022
615,129.05,41.25,1493.75,2022-09-08,4,9,2022
616,167.29,26.01,1799.9499999999998,2022-09-09,5,9,2022
617,157.66,36.39,1759.55,2022-09-10,6,9,2022
618,130.05,42.87,1514.85,2022-09-11,7,9,2022
619,114.87,37.75,1335.45,2022-09-12,1,9,2022
620,191.2,21.96,2026.8,2022-09-13,2,9,2022
621,190.57,13.34,1969.3999999999999,2022-09-14,3,9,2022
622,133.7,11.04,1394.2,2022-09-15,4,9,2022
623,103.4,22.35,1147.75,2022-09-16,5,9,2022
624,113.8,43.66,1356.3,2022-09-17,6,9,2022
625,133.74,25.64,1462.6000000000001,2022-09-18,7,9,2022
626,143.23,19.88,1530.7,2022-09-19,1,9,2022
627,144.32,24.04,1558.3999999999999,2022-09-20,2,9,2022
628,172.5,37.61,1916.05,2022-09-21,3,9,2022
629,131.17,16.54,1391.3999999999999,2022-09-22,4,9,2022
630,119.69,41.45,1404.15,2022-09-23,5,9,2022
631,157.94,32.06,1734.7,2022-09-24,6,9,2022
632,119.25,41.63,1400.65,2022-09-25,7,9,2022
633,198.07,27.82,2116.7999999999997,2022-09-26,1,9,2022
634,196.03,24.97,2090.15,2022-09-27,2,9,2022
635,128.13,44.33,1504.9499999999998,2022-09-28,3,9,2022
636,167.18,17.71,1758.3500000000001,2022-09-29,4,9,2022
637,166.35,34.51,1837.05,2022-09-30,5,9,2022
638,140.72,48.45,1652.45,2022-10-01,6,10,2022
639,176.23,41.1,1969.8,2022-10-02,7,10,2022
640,194.17,22.54,2050.3999999999996,2022-10-03,1,10,2022
641,148.97,40.68,1691.1000000000001,2022-10-04,2,10,2022
642,157.28,31.84,1735.0,2022-10-05,3,10,2022
643,178.09,40.74,1983.6000000000001,2022-10-06,4,10,2022
644,159.09,35.03,1771.0500000000002,2022-10-07,5,10,2022
645,102.3,30.66,1177.3,2022-10-08,6,10,2022
646,135.57,31.74,1511.3999999999999,2022-10-09,7,10,2022
647,103.26,44.75,1252.3500000000001,2022-10-10,1,10,2022
648,191.99,19.04,2011.1000000000001,2022-10-11,2,10,2022
649,193.18,22.17,2037.65,2022-10-12,3,10,2022
650,123.15,14.28,1300.9,2022-10-13,4,10,2022
651,185.63,11.57,1917.1499999999999,2022-10-14,5,10,2022
652,132.23,27.26,1462.6,2022-10-15,6,10,2022
653,153.55,41.7,1742.0,2022-10-16,7,10,2022
654,137.27,29.61,1521.75,2022-10-17,1,10,2022
655,122.58,43.62,1444.8999999999999,2022-10-18,2,10,2022
656,104.71,43.82,1270.1999999999998,2022-10-19,3,10,2022
657,193.81,27.31,2077.65,2022-10-20,4,10,2022
658,151.64,11.68,1579.8,2022-10-21,5,10,2022
659,124.12,20.0,1338.2,2022-10-22,6,10,2022
660,199.87,44.86,2219.0,2022-10-23,7,10,2022
661,102.87,14.42,1102.8,2022-10-24,1,10,2022
662,177.42,16.99,1858.1499999999999,2022-10-25,2,10,2022
663,139.05,49.71,1641.05,2022-10-26,3,10,2022
664,135.4,43.2,1566.0,2022-10-27,4,10,2022
665,192.36,38.47,2115.9500000000003,2022-10-28,5,10,2022
666,170.21,29.56,1852.9,2022-10-29,6,10,2022
667,190.53,47.76,2149.1,2022-10-30,7,10,2022
668,132.03,41.43,1527.45,2022-10-31,1,10,2022
669,158.2,11.0,1641.0,2022-11-01,2,11,2022
670,107.15,38.17,1258.35,2022-11-02,3,11,2022
671,138.04,38.13,1568.05,2022-11-03,4,11,2022
672,167.32,33.3,1835.6999999999998,2022-11-04,5,11,2022
673,122.83,16.01,1304.35,2022-11-05,6,11,2022
674,193.26,20.86,2037.8999999999999,2022-11-06,7,11,2022
675,105.89,37.01,1244.95,2022-11-07,1,11,2022
676,188.12,37.93,2070.85,2022-11-08,2,11,2022
677,131.01,12.37,1376.9499999999998,2022-11-09,3,11,2022
678,132.91,26.39,1463.05,2022-11-10,4,11,2022
679,119.05,25.95,1316.25,2022-11-11,5,11,2022
680,165.81,30.2,1804.1,2022-11-12,6,11,2022
681,143.49,27.75,1570.65,2022-11-13,7,11,2022
682,115.33,10.03,1200.45,2022-11-14,1,11,2022
683,144.36,35.68,1623.0000000000002,2022-11-15,2,11,2022
684,124.87,23.66,1364.0,2022-11-16,3,11,2022
685,163.44,33.59,1803.3500000000001,2022-11-17,4,11,2022
686,106.13,11.4,1115.3,2022-11-18,5,11,2022
687,189.97,32.5,2062.2,2022-11-19,6,11,2022
688,181.12,13.84,1883.4,2022-11-20,7,11,2022
689,145.7,22.92,1569.6,2022-11-21,1,11,2022
690,122.36,11.05,1277.85,2022-11-22,2,11,2022
691,171.56,20.71,1819.1499999999999,2022-11-23,3,11,2022
692,176.06,34.8,1936.6,2022-11-24,4,11,2022
693,101.46,30.65,1165.85,2022-11-25,5,11,2022
694,132.22,41.6,1531.2,2022-11-26,6,11,2022
695,104.42,31.72,1198.8,2022-11-27,7,11,2022
696,147.4,40.36,1680.8,2022-11-28,1,11,2022
697,136.92,47.16,1605.9999999999998,2022-11-29,2,11,2022
698,128.89,16.63,1377.05,2022-11-30,3,11,2022
699,192.74,14.08,1996.8000000000002,2022-12-01,4,12,2022
700,168.33,20.56,1782.1000000000001,2022-12-02,5,12,2022
701,154.53,17.63,1632.45,2022-12-03,6,12,2022
702,134.19,43.46,1563.2,2022-12-04,7,12,2022
703,193.52,35.15,2109.95,2022-12-05,1,12,2022
704,133.87,32.84,1507.9,2022-12-06,2,12,2022
705,185.64,46.93,2090.0499999999997,2022-12-07,3,12,2022
706,193.73,48.29,2182.75,2022-12-08,4,12,2022
707,135.3,42.48,1570.4,2022-12-09,5,12,2022
708,171.74,21.22,1819.5,2022-12-10,6,12,2022
709,151.71,27.63,1653.2500000000002,2022-12-11,7,12,2022
710,131.74,42.17,1524.25,2022-12-12,1,12,2022
711,187.7,11.79,1937.95,2022-12-13,2,12,2022
712,122.04,38.31,1411.95,2022-12-14,3,12,2022
713,164.06,15.23,1714.75,2022-12-15,4,12,2022
714,171.81,27.61,1851.1499999999999,2022-12-16,5,12,2022
715,113.81,48.62,1383.1999999999998,2022-12-17,6,12,2022
716,165.11,36.63,1834.2500000000002,2022-12-18,7,12,2022
717,107.79,24.03,1203.0500000000002,2022-12-19,1,12,2022
718,152.55,41.07,1733.85,2022-12-20,2,12,2022
719,186.24,36.42,2049.5,2022-12-21,3,12,2022
720,199.08,39.84,2192.0,2022-12-22,4,12,2022
721,190.3,12.9,1964.5,2022-12-23,5,12,2022
722,176.68,15.83,1849.9500000000003,2022-12-24,6,12,2022
723,141.55,20.82,1519.6,2022-12-25,7,12,2022
724,101.66,43.84,1236.8,2022-12-26,1,12,2022
725,152.37,29.01,1664.75,2022-12-27,2,12,2022
726,122.5,11.51,1277.55,2022-12-28,3,12,2022
727,141.15,32.93,1579.15,2022-12-29,4,12,2022
728,186.52,43.46,2084.5,2022-12-30,5,12,2022
729,152.68,35.46,1702.1000000000001,2022-12-31,6,12,2022
730,189.93,38.46,2088.6000000000004,2023-01-01,7,1,2023
731,156.82,22.0,1683.1999999999998,2023-01-02,1,1,2023
732,115.94,37.01,1343.45,2023-01-03,2,1,2023
733,122.07,45.83,1445.85,2023-01-04,3,1,2023
734,171.75,30.67,1867.85,2023-01-05,4,1,2023
735,151.68,30.85,1671.0500000000002,2023-01-06,5,1,2023
736,100.55,34.77,1182.35,2023-01-07,6,1,2023
737,180.31,41.74,2010.8,2023-01-08,7,1,2023
738,154.03,39.69,1738.75,2023-01-09,1,1,2023
739,195.48,29.22,2096.9,2023-01-10,2,1,2023
740,175.61,28.65,1894.3500000000001,2023-01-11,3,1,2023
741,126.68,33.37,1434.65,2023-01-12,4,1,2023
742,106.68,36.55,1250.5500000000002,2023-01-13,5,1,2023
743,187.05,14.26,1945.8,2023-01-14,6,1,2023
744,108.85,32.73,1257.15,2023-01-15,7,1,2023
745,120.24,40.94,1406.1,2023-01-16,1,1,2023
746,152.41,18.68,1616.5,2023-01-17,2,1,2023
747,111.55,44.19,1331.45,2023-01-18,3,1,2023
748,152.16,28.62,1669.6999999999998,2023-01-19,4,1,2023
749,123.42,24.1,1356.7,2023-01-20,5,1,2023
750,143.86,42.32,1655.2,2023-01-21,6,1,2023
751,133.6,36.19,1513.95,2023-01-22,7,1,2023
752,135.82,43.09,1573.6499999999999,2023-01-23,1,1,2023
753,186.65,22.08,1975.9,2023-01-24,2,1,2023
754,153.93,18.98,1629.2000000000003,2023-01-25,3,1,2023
755,110.24,36.1,1283.8999999999999,2023-01-26,4,1,2023
756,155.02,32.96,1716.0,2023-01-27,5,1,2023
757,106.24,22.08,1167.8,2023-01-28,6,1,2023
758,110.55,13.09,1169.95,2023-01-29,7,1,2023
759,116.04,21.24,1268.6000000000001,2023-01-30,1,1,2023
760,155.4,37.17,1736.85,2023-01-31,2,1,2023
761,149.98,23.27,1621.1499999999999,2023-02-01,3,2,2023
762,123.64,45.28,1463.8000000000002,2023-02-02,4,2,2023
763,165.04,15.17,1721.2499999999998,2023-02-03,5,2,2023
764,163.72,11.65,1692.45,2023-02-04,6,2,2023
765,110.9,46.38,1339.9,2023-02-05,7,2,2023
766,141.08,13.56,1483.6000000000001,2023-02-06,1,2,2023
767,133.77,38.18,1529.6000000000001,2023-02-07,2,2,2023
768,198.03,24.09,2104.75,2023-02-08,3,2,2023
769,142.53,49.21,1674.35,2023-02-09,4,2,2023
770,105.6,36.76,1234.8,2023-02-10,5,2,2023
771,190.06,35.89,2076.0499999999997,2023-02-11,6,2,2023
772,108.72,28.47,1233.55,2023-02-12,7,2,2023
773,144.8,20.21,1550.05,2023-02-13,1,2,2023
774,169.06,10.12,1744.1999999999998,2023-02-14,2,2,2023
775,117.39,31.3,1331.4,2023-02-15,3,2,2023
776,104.15,43.78,1257.4,2023-02-16,4,2,2023
777,110.84,10.84,1164.6000000000001,2023-02-17,5,2,2023
778,184.34,13.61,1916.45,2023-02-18,6,2,2023
779,123.86,39.12,1431.1999999999998,2023-02-19,7,2,2023
780,132.89,26.21,1459.9499999999998,2023-02-20,1,2,2023
781,102.08,24.22,1136.8999999999999,2023-02-21,2,2,2023
782,181.19,10.58,1869.8000000000002,2023-02-22,3,2,2023
783,111.09,48.06,1350.2,2023-02-23,4,2,2023
784,134.44,15.55,1419.15,2023-02-24,5,2,2023
785,193.08,22.24,2040.0000000000002,2023-02-25,6,2,2023
786,102.01,35.25,1200.35,2023-02-26,7,2,2023
787,126.88,32.58,1431.6999999999998,2023-02-27,1,2,2023
788,114.58,31.35,1297.55,2023-02-28,2,2,2023
789,103.87,18.07,1129.05,2023-03-01,3,3,2023
790,104.21,19.0,1135.1,2023-03-02,4,3,2023
791,113.18,36.34,1308.5000000000002,2023-03-03,5,3,2023
792,100.23,42.19,1218.25,2023-03-04,6,3,2023
793,143.69,23.65,1559.15,2023-03-05,7,3,2023
794,127.45,24.62,1397.6,2023-03-06,1,3,2023
795,154.63,43.75,1760.05,2023-03-07,2,3,2023
796,134.63,42.08,1552.6999999999998,2023-03-08,3,3,2023
797,110.69,33.02,1270.0,2023-03-09,4,3,2023
798,148.76,42.02,1695.6999999999998,2023-03-10,5,3,2023
799,172.81,46.95,1958.85,2023-03-11,6,3,2023
800,156.16,33.61,1732.6499999999999,2023-03-12,7,3,2023
801,108.46,24.57,1204.4499999999998,2023-03-13,1,3,2023
802,129.49,17.93,1386.5500000000002,2023-03-14,2,3,2023
803,134.05,12.69,1398.95,2023-03-15,3,3,2023
804,111.48,31.4,1271.8,2023-03-16,4,3,2023
805,178.46,44.71,2012.15,2023-03-17,5,3,2023
806,185.71,38.0,2050.1000000000004,2023-03-18,6,3,2023
807,141.93,40.98,1625.2000000000003,2023-03-19,7,3,2023
808,111.05,36.53,1296.15,2023-03-20,1,3,2023
809,140.34,19.94,1501.1000000000001,2023-03-21,2,3,2023
810,129.33,26.0,1428.3000000000002,2023-03-22,3,3,2023
811,157.01,21.41,1682.1499999999999,2023-03-23,4,3,2023
812,177.11,28.48,1911.5000000000002,2023-03-24,5,3,2023
813,191.0,24.04,2026.2,2023-03-25,6,3,2023
814,151.76,26.67,1652.9499999999998,2023-03-26,7,3,2023
815,173.11,17.57,1814.95,2023-03-27,1,3,2023
816,160.1,34.99,1773.95,2023-03-28,2,3,2023
817,104.11,40.62,1243.1999999999998,2023-03-29,3,3,2023
818,133.97,16.65,1421.95,2023-03-30,4,3,2023
819,108.9,45.21,1310.05,2023-03-31,5,3,2023
820,120.48,49.81,1455.85,2023-04-01,6,4,2023
821,136.13,36.43,1543.45,2023-04-02,7,4,2023
822,195.23,14.83,2025.45,2023-04-03,1,4,2023
823,193.85,36.46,2125.8,2023-04-04,2,4,2023
824,181.21,22.1,1923.6000000000001,2023-04-05,3,4,2023
825,105.46,34.83,1228.75,2023-04-06,4,4,2023
826,104.45,45.75,1273.25,2023-04-07,5,4,2023
827,180.35,23.22,1920.6,2023-04-08,6,4,2023
828,182.63,24.47,1952.6499999999999,2023-04-09,7,4,2023
829,158.12,15.58,1662.1000000000001,2023-04-10,1,4,2023
830,170.71,16.9,1789.6000000000001,2023-04-11,2,4,2023
831,110.97,36.96,1298.5,2023-04-12,3,4,2023
832,124.04,33.86,1407.7,2023-04-13,4,4,2023
833,154.02,10.94,1599.9,2023-04-14,5,4,2023
834,160.3,48.1,1838.5,2023-04-15,6,4,2023
835,111.16,46.82,1344.6999999999998,2023-04-16,7,4,2023
836,159.14,38.86,1783.6999999999998,2023-04-17,1,4,2023
837,144.84,42.42,1659.5,2023-04-18,2,4,2023
838,166.93,24.56,1794.1000000000001,2023-04-19,3,4,2023
839,105.48,34.03,1220.95,2023-04-20,4,4,2023
840,110.38,44.49,1321.25,2023-04-21,5,4,2023
841,132.05,49.7,1566.0,2023-04-22,6,4,2023
842,192.9,26.18,2058.9,2023-04-23,7,4,2023
843,174.58,21.19,1853.7500000000002,2023-04-24,1,4,2023
844,160.46,42.97,1819.45,2023-04-25,2,4,2023
845,125.42,14.09,1322.65,2023-04-26,3,4,2023
846,128.91,30.85,1445.35,2023-04-27,4,4,2023
847,147.59,33.22,1645.0,2023-04-28,5,4,2023
848,136.92,49.52,1615.7999999999997,2023-04-29,6,4,2023
849,151.18,25.91,1645.3500000000001,2023-04-30,7,4,2023
850,103.99,46.97,1269.7499999999998,2023-05-01,1,5,2023
851,120.56,35.16,1381.3999999999999,2023-05-02,2,5,2023
852,149.76,35.97,1677.4499999999998,2023-05-03,3,5,2023
853,157.26,18.18,1668.5,2023-05-04,4,5,2023
854,151.21,33.34,1682.8000000000002,2023-05-05,5,5,2023
855,157.47,24.65,1702.95,2023-05-06,6,5,2023
856,120.93,47.98,1448.2000000000003,2023-05-07,7,5,2023
857,191.66,31.33,2077.25,2023-05-08,1,5,2023
858,116.81,25.71,1292.6499999999999,2023-05-09,2,5,2023
859,187.3,30.24,2028.2,2023-05-10,3,5,2023
860,115.29,10.06,1205.2,2023-05-11,4,5,2023
861,117.35,24.98,1297.4,2023-05-12,5,5,2023
862,198.53,25.38,2112.2,2023-05-13,6,5,2023
863,150.39,40.14,1709.6,2023-05-14,7,5,2023
864,126.43,14.48,1335.7000000000003,2023-05-15,1,5,2023
865,127.32,39.26,1464.4999999999998,2023-05-16,2,5,2023
866,128.63,48.1,1529.8,2023-05-17,3,5,2023
867,160.13,10.37,1655.1499999999999,2023-05-18,4,5,2023
868,195.9,37.05,2144.25,2023-05-19,5,5,2023
869,135.67,21.9,1466.1999999999998,2023-05-20,6,5,2023
870,136.47,22.03,1479.8500000000001,2023-05-21,7,5,2023
871,161.27,21.96,1726.5,2023-05-22,1,5,2023
872,137.33,36.7,1558.8000000000002,2023-05-23,2,5,2023
873,104.41,32.75,1209.85,2023-05-24,3,5,2023
874,131.36,13.94,1379.3000000000002,2023-05-25,4,5,2023
875,142.47,16.33,1501.3500000000001,2023-05-26,5,5,2023
876,134.9,32.26,1509.3,2023-05-27,6,5,2023
877,150.65,39.74,1707.2,2023-05-28,7,5,2023
878,125.67,18.15,1346.45,2023-05-29,1,5,2023
879,166.92,29.37,1820.0499999999997,2023-05-30,2,5,2023
880,114.23,46.25,1373.55,2023-05-31,3,5,2023
881,134.19,31.71,1505.45,2023-06-01,4,6,2023
882,184.94,41.95,2063.15,2023-06-02,5,6,2023
883,112.7,26.03,1262.15,2023-06-03,6,6,2023
884,120.24,14.24,1273.6,2023-06-04,7,6,2023
885,196.65,20.08,2066.9,2023-06-05,1,6,2023
886,115.48,14.84,1233.0,2023-06-06,2,6,2023
887,189.2,43.8,2106.0,2023-06-07,3,6,2023
888,163.53,17.69,1727.75,2023-06-08,4,6,2023
889,108.63,48.28,1326.7,2023-06-09,5,6,2023
890,132.33,49.37,1565.15,2023-06-10,6,6,2023
891,158.35,48.21,1823.55,2023-06-11,7,6,2023
892,125.19,21.29,1362.3500000000001,2023-06-12,1,6,2023
893,112.55,22.14,1234.2,2023-06-13,2,6,2023
894,148.06,45.36,1712.3999999999999,2023-06-14,3,6,2023
895,192.51,16.41,2008.1499999999999,2023-06-15,4,6,2023
896,187.28,35.55,2045.5500000000002,2023-06-16,5,6,2023
897,175.04,18.49,1845.85,2023-06-17,6,6,2023
898,187.96,18.45,1976.8500000000001,2023-06-18,7,6,2023
899,117.48,35.87,1349.1499999999999,2023-06-19,1,6,2023
900,159.24,16.93,1680.0500000000002,2023-06-20,2,6,2023
901,169.83,33.91,1863.8500000000001,2023-06-21,3,6,2023
902,144.43,33.33,1608.9500000000003,2023-06-22,4,6,2023
903,118.79,15.66,1263.2,2023-06-23,5,6,2023
904,132.4,14.42,1392.1,2023-06-24,6,6,2023
905,188.5,38.62,2077.1,2023-06-25,7,6,2023
906,199.24,49.71,2237.9500000000003,2023-06-26,1,6,2023
907,136.12,44.94,1582.9,2023-06-27,2,6,2023
908,175.0,38.22,1941.1,2023-06-28,3,6,2023
909,199.14,49.06,2235.7,2023-06-29,4,6,2023
910,164.72,44.2,1873.2,2023-06-30,5,6,2023
911,199.38,27.06,2129.1,2023-07-01,6,7,2023
912,141.68,14.05,1487.0500000000002,2023-07-02,7,7,2023
913,168.39,28.66,1831.1999999999998,2023-07-03,1,7,2023
914,135.06,41.71,1563.1499999999999,2023-07-04,2,7,2023
915,169.78,19.52,1797.3999999999999,2023-07-05,3,7,2023
916,108.96,38.53,1279.25,2023-07-06,4,7,2023
917,192.51,41.75,2134.85,2023-07-07,5,7,2023
918,143.19,14.76,1501.7,2023-07-08,6,7,2023
919,131.77,35.38,1499.6000000000001,2023-07-09,7,7,2023
920,120.56,28.66,1353.8999999999999,2023-07-10,1,7,2023
921,165.56,42.66,1863.8999999999999,2023-07-11,2,7,2023
922,186.79,10.04,1922.1,2023-07-12,3,7,2023
923,168.86,40.67,1891.9500000000003,2023-07-13,4,7,2023
924,147.77,40.0,1676.7,2023-07-14,5,7,2023
925,134.96,23.82,1463.7,2023-07-15,6,7,2023
926,144.6,34.88,1625.4,2023-07-16,7,7,2023
927,123.68,24.7,1364.3000000000002,2023-07-17,1,7,2023
928,137.7,17.67,1466.35,2023-07-18,2,7,2023
929,139.37,36.6,1575.7,2023-07-19,3,7,2023
930,172.27,10.3,1771.2,2023-07-20,4,7,2023
931,113.84,25.63,1266.5500000000002,2023-07-21,5,7,2023
932,141.35,11.57,1468.35,2023-07-22,6,7,2023
933,183.09,18.88,1922.3000000000002,2023-07-23,7,7,2023
934,169.66,44.8,1916.6,2023-07-24,1,7,2023
935,185.71,30.43,2006.2500000000002,2023-07-25,2,7,2023
936,149.32,48.89,1732.6499999999999,2023-07-26,3,7,2023
937,113.66,24.45,1258.85,2023-07-27,4,7,2023
938,172.04,17.68,1803.8,2023-07-28,5,7,2023
939,114.54,12.16,1211.2,2023-07-29,6,7,2023
940,199.29,21.26,2101.2,2023-07-30,7,7,2023
941,100.35,49.32,1253.1,2023-07-31,1,7,2023
942,172.2,10.87,1776.35,2023-08-01,2,8,2023
943,136.1,16.12,1439.6,2023-08-02,3,8,2023
944,100.18,13.16,1071.6000000000001,2023-08-03,4,8,2023
945,140.1,40.34,1606.7,2023-08-04,5,8,2023
946,194.1,47.25,2179.25,2023-08-05,6,8,2023
947,140.55,22.69,1514.95,2023-08-06,7,8,2023
948,112.9,34.71,1306.55,2023-08-07,1,8,2023
949,168.03,19.71,1774.85,2023-08-08,2,8,2023
950,134.11,40.32,1542.7,2023-08-09,3,8,2023
951,187.29,11.92,1932.4999999999998,2023-08-10,4,8,2023
952,114.27,24.95,1269.45,2023-08-11,5,8,2023
953,118.72,34.94,1357.9,2023-08-12,6,8,2023
954,165.79,38.82,1852.9999999999998,2023-08-13,7,8,2023
955,139.99,25.61,1532.95,2023-08-14,1,8,2023
956,121.68,12.25,1282.0500000000002,2023-08-15,2,8,2023
957,177.63,49.95,2028.05,2023-08-16,3,8,2023
958,199.03,49.61,2233.35,2023-08-17,4,8,2023
959,120.25,38.5,1399.0,2023-08-18,5,8,2023
960,119.06,29.5,1334.1,2023-08-19,6,8,2023
961,184.67,47.05,2079.95,2023-08-20,7,8,2023
962,146.76,36.67,1653.9499999999998,2023-08-21,1,8,2023
963,130.73,19.23,1405.45,2023-08-22,2,8,2023
964,196.03,34.1,2127.8,2023-08-23,3,8,2023
965,145.95,40.8,1659.5,2023-08-24,4,8,2023
966,129.58,16.17,1378.65,2023-08-25,5,8,2023
967,135.89,15.16,1432.6999999999998,2023-08-26,6,8,2023
968,160.14,17.08,1684.8,2023-08-27,7,8,2023
969,171.41,31.3,1865.6,2023-08-28,1,8,2023
970,191.56,33.44,2086.7999999999997,2023-08-29,2,8,2023
971,165.19,28.3,1796.4,2023-08-30,3,8,2023
972,120.53,21.67,1314.6499999999999,2023-08-31,4,8,2023
973,100.6,20.22,1109.1,2023-09-01,5,9,2023
974,166.87,45.78,1896.6000000000001,2023-09-02,6,9,2023
975,158.07,46.19,1815.6499999999999,2023-09-03,7,9,2023
976,122.53,40.51,1426.85,2023-09-04,1,9,2023
977,102.87,34.34,1203.4,2023-09-05,2,9,2023
978,191.74,29.43,2066.55,2023-09-06,3,9,2023
979,121.4,38.66,1402.3,2023-09-07,4,9,2023
980,110.75,27.36,1244.3,2023-09-08,5,9,2023
981,127.29,45.03,1497.0500000000002,2023-09-09,6,9,2023
982,150.11,36.78,1686.0000000000002,2023-09-10,7,9,2023
983,125.64,33.18,1424.3000000000002,2023-09-11,1,9,2023
984,185.82,26.67,1986.5499999999997,2023-09-12,2,9,2023
985,132.18,28.28,1465.2000000000003,2023-09-13,3,9,2023
986,137.76,48.85,1619.85,2023-09-14,4,9,2023
987,159.24,38.37,1781.25,2023-09-15,5,9,2023
988,151.5,38.19,1703.95,2023-09-16,6,9,2023
989,179.22,23.71,1908.75,2023-09-17,7,9,2023
990,132.36,27.59,1465.5500000000002,2023-09-18,1,9,2023
991,102.55,40.73,1231.15,2023-09-19,2,9,2023
992,132.21,43.26,1542.4,2023-09-20,3,9,2023
993,149.39,34.46,1667.1999999999998,2023-09-21,4,9,2023
994,165.65,24.11,1779.05,2023-09-22,5,9,2023
995,121.76,13.41,1283.65,2023-09-23,6,9,2023
996,145.14,42.48,1658.7999999999997,2023-09-24,7,9,2023
997,110.46,22.27,1219.9499999999998,2023-09-25,1,9,2023
998,126.01,25.24,1389.3000000000002,2023-09-26,2,9,2023
999,193.42,24.65,2056.45,2023-09-27,3,9,2023
1000,136.84,34.09,1534.8500000000001,2023-09-28,4,9,2023
1001,160.67,21.81,1719.7499999999998,2023-09-29,5,9,2023
1002,192.69,45.18,2154.8,2023-09-30,6,9,2023
1003,178.12,24.68,1899.6000000000001,2023-10-01,7,10,2023
1004,148.62,33.27,1657.5500000000002,2023-10-02,1,10,2023
1005,180.56,28.21,1951.6499999999999,2023-10-03,2,10,2023
1006,135.04,41.38,1554.3,2023-10-04,3,10,2023
1007,165.86,18.88,1757.0000000000002,2023-10-05,4,10,2023
1008,140.12,27.32,1538.8,2023-10-06,5,10,2023
1009,191.3,31.92,2073.6,2023-10-07,6,10,2023
1010,132.06,44.45,1539.85,2023-10-08,7,10,2023
1011,189.88,19.5,1991.3,2023-10-09,1,10,2023
1012,126.67,14.3,1339.2,2023-10-10,2,10,2023
1013,144.65,48.74,1688.2,2023-10-11,3,10,2023
1014,130.35,14.81,1376.55,2023-10-12,4,10,2023
1015,130.59,14.09,1374.3500000000001,2023-10-13,5,10,2023
1016,187.6,20.94,1979.7,2023-10-14,6,10,2023
1017,171.85,11.5,1781.0,2023-10-15,7,10,2023
1018,191.59,33.39,2083.85,2023-10-16,1,10,2023
1019,198.91,37.2,2180.1,2023-10-17,2,10,2023
1020,176.34,34.27,1935.75,2023-10-18,3,10,2023
1021,168.04,38.84,1873.6,2023-10-19,4,10,2023
1022,152.58,46.13,1758.4500000000003,2023-10-20,5,10,2023
1023,124.82,27.77,1385.0499999999997,2023-10-21,6,10,2023
1024,135.79,33.77,1523.75,2023-10-22,7,10,2023
1025,143.61,16.4,1518.1000000000001,2023-10-23,1,10,2023
1026,136.86,33.38,1539.5000000000002,2023-10-24,2,10,2023
1027,127.22,48.35,1509.95,2023-10-25,3,10,2023
1028,162.42,39.47,1820.5499999999997,2023-10-26,4,10,2023
1029,171.69,17.91,1811.45,2023-10-27,5,10,2023
1030,134.28,35.18,1521.7,2023-10-28,6,10,2023
1031,138.71,15.43,1460.2500000000002,2023-10-29,7,10,2023
1032,155.03,24.55,1673.05,2023-10-30,1,10,2023
1033,119.06,28.13,1327.25,2023-10-31,2,10,2023
1034,108.75,10.14,1137.2,2023-11-01,3,11,2023
1035,191.79,42.32,2130.5,2023-11-02,4,11,2023
1036,119.27,43.5,1408.2,2023-11-03,5,11,2023
1037,172.76,30.67,1884.9499999999998,2023-11-04,6,11,2023
1038,178.89,45.28,2020.3,2023-11-05,7,11,2023
1039,168.14,36.04,1863.6,2023-11-06,1,11,2023
1040,168.7,20.69,1794.45,2023-11-07,2,11,2023
1041,134.76,28.63,1486.75,2023-11-08,3,11,2023
1042,103.79,14.8,1109.9,2023-11-09,4,11,2023
1043,146.29,28.83,1612.0499999999997,2023-11-10,5,11,2023
1044,100.08,43.49,1214.25,2023-11-11,6,11,2023
1045,179.8,40.64,1996.2,2023-11-12,7,11,2023
1046,196.28,36.07,2148.15,2023-11-13,1,11,2023
1047,113.19,25.82,1266.0,2023-11-14,2,11,2023
1048,173.76,19.94,1835.3,2023-11-15,3,11,2023
1049,132.07,40.43,1518.85,2023-11-16,4,11,2023
1050,119.78,18.26,1286.1,2023-11-17,5,11,2023
1051,128.76,24.67,1405.9499999999998,2023-11-18,6,11,2023
1052,149.3,37.93,1684.65,2023-11-19,7,11,2023
1053,147.98,23.31,1600.35,2023-11-20,1,11,2023
1054,132.75,32.01,1491.55,2023-11-21,2,11,2023
1055,189.72,32.12,2062.8,2023-11-22,3,11,2023
1056,143.49,41.31,1646.45,2023-11-23,4,11,2023
1057,163.61,10.23,1688.2500000000002,2023-11-24,5,11,2023
1058,124.6,31.14,1399.7,2023-11-25,6,11,2023
1059,137.56,21.15,1477.35,2023-11-26,7,11,2023
1060,153.08,17.61,1615.8500000000001,2023-11-27,1,11,2023
1061,122.68,49.92,1474.4,2023-11-28,2,11,2023
1062,119.07,16.88,1275.1,2023-11-29,3,11,2023
1063,141.7,14.19,1485.95,2023-11-30,4,11,2023
1064,174.06,30.01,1892.6499999999999,2023-12-01,5,12,2023
1065,179.11,21.02,1901.2,2023-12-02,6,12,2023
1066,138.02,19.73,1478.8500000000001,2023-12-03,7,12,2023
1067,158.33,35.35,1763.0500000000002,2023-12-04,1,12,2023
1068,101.72,41.56,1222.0,2023-12-05,2,12,2023
1069,126.08,16.29,1337.25,2023-12-06,3,12,2023
1070,133.93,24.49,1456.7500000000002,2023-12-07,4,12,2023
1071,171.03,24.91,1837.85,2023-12-08,5,12,2023
1072,116.84,46.55,1397.15,2023-12-09,6,12,2023
1073,161.14,25.03,1732.55,2023-12-10,7,12,2023
1074,135.69,34.02,1523.0,2023-12-11,1,12,2023
1075,195.1,31.89,2108.45,2023-12-12,2,12,2023
1076,178.49,24.79,1911.8500000000001,2023-12-13,3,12,2023
1077,133.09,37.07,1516.25,2023-12-14,4,12,2023
1078,184.23,16.44,1928.5,2023-12-15,5,12,2023
1079,124.2,44.11,1460.55,2023-12-16,6,12,2023
1080,188.89,38.15,2075.6499999999996,2023-12-17,7,12,2023
1081,129.47,37.12,1482.3,2023-12-18,1,12,2023
1082,101.85,16.03,1093.65,2023-12-19,2,12,2023
1083,156.61,21.01,1666.15,2023-12-20,3,12,2023
1084,134.77,20.91,1455.25,2023-12-21,4,12,2023
1085,118.7,13.57,1253.85,2023-12-22,5,12,2023
1086,110.53,22.91,1217.85,2023-12-23,6,12,2023
1087,154.47,10.96,1594.5,2023-12-24,7,12,2023
1088,168.81,11.14,1739.8,2023-12-25,1,12,2023
1089,149.41,16.58,1576.0,2023-12-26,2,12,2023
1090,124.45,46.4,1478.5,2023-12-27,3,12,2023
1091,194.93,32.52,2106.9,2023-12-28,4,12,2023
1092,168.16,42.85,1895.85,2023-12-29,5,12,2023
1093,140.62,13.9,1476.7,2023-12-30,6,12,2023
1094,102.17,38.59,1211.65,2023-12-31,7,12,2023
1095,189.22,43.03,2107.35,2024-01-01,1,1,2024
1096,172.01,31.15,1871.85,2024-01-02,2,1,2024
1097,138.77,43.15,1604.45,2024-01-03,3,1,2024
1098,155.32,37.39,1738.1499999999999,2024-01-04,4,1,2024
1099,124.92,41.49,1455.65,2024-01-05,5,1,2024
1100,125.33,44.7,1473.8,2024-01-06,6,1,2024
1101,159.42,27.61,1731.2499999999998,2024-01-07,7,1,2024
1102,198.41,38.02,2174.2,2024-01-08,1,1,2024
1103,109.01,28.21,1230.15,2024-01-09,2,1,2024
1104,165.21,37.55,1840.8500000000001,2024-01-10,3,1,2024
1105,123.82,40.54,1438.8999999999999,2024-01-11,4,1,2024
1106,128.2,42.67,1493.35,2024-01-12,5,1,2024
1107,150.87,31.07,1669.05,2024-01-13,6,1,2024
1108,170.21,30.13,1854.7500000000002,2024-01-14,7,1,2024
1109,179.36,40.36,1997.4,2024-01-15,1,1,2024
1110,157.51,38.33,1770.75,2024-01-16,2,1,2024
1111,121.84,32.45,1381.65,2024-01-17,3,1,2024
1112,189.64,20.21,1992.4499999999998,2024-01-18,4,1,2024
1113,190.81,37.56,2098.9,2024-01-19,5,1,2024
1114,103.0,39.43,1228.15,2024-01-20,6,1,2024
1115,190.73,48.33,2146.95,2024-01-21,7,1,2024
1116,104.33,32.94,1208.0,2024-01-22,1,1,2024
1117,139.12,44.1,1611.7,2024-01-23,2,1,2024
1118,162.86,33.42,1800.7000000000003,2024-01-24,3,1,2024
1119,163.12,43.02,1842.3000000000002,2024-01-25,4,1,2024
1120,133.64,37.88,1530.8,2024-01-26,5,1,2024
1121,157.12,43.47,1787.55,2024-01-27,6,1,2024
1122,153.93,44.66,1761.6000000000001,2024-01-28,7,1,2024
1123,109.08,35.41,1271.85,2024-01-29,1,1,2024
1124,137.37,25.71,1503.25,2024-01-30,2,1,2024
1125,123.1,24.55,1348.75,2024-01-31,3,1,2024
1126,105.95,30.23,1210.65,2024-02-01,4,2,2024
1127,185.8,46.87,2094.35,2024-02-02,5,2,2024
1128,167.89,41.3,1888.3999999999999,2024-02-03,6,2,2024
1129,116.6,33.19,1330.95,2024-02-04,7,2,2024
1130,160.18,19.86,1699.1000000000001,2024-02-05,1,2,2024
1131,166.72,15.29,1742.65,2024-02-06,2,2,2024
1132,151.03,23.77,1629.1499999999999,2024-02-07,3,2,2024
1133,178.82,16.23,1867.35,2024-02-08,4,2,2024
1134,134.5,40.33,1541.65,2024-02-09,5,2,2024
1135,148.2,37.79,1673.95,2024-02-10,6,2,2024
1136,195.91,20.35,2057.85,2024-02-11,7,2,2024
1137,125.28,11.23,1304.95,2024-02-12,1,2,2024
1138,134.58,44.07,1566.15,2024-02-13,2,2,2024
1139,175.22,12.88,1815.6000000000001,2024-02-14,3,2,2024
1140,184.54,45.15,2068.1499999999996,2024-02-15,4,2,2024
1141,140.26,19.54,1497.3,2024-02-16,5,2,2024
1142,155.19,42.46,1768.2,2024-02-17,6,2,2024
1143,143.69,20.92,1544.5,2024-02-18,7,2,2024
1144,166.4,41.16,1864.8,2024-02-19,1,2,2024
1145,105.56,38.75,1253.35,2024-02-20,2,2,2024
1146,139.7,49.06,1640.3,2024-02-21,3,2,2024
1147,129.17,12.29,1355.1499999999999,2024-02-22,4,2,2024
1148,125.23,34.83,1430.4499999999998,2024-02-23,5,2,2024
1149,150.37,20.59,1603.65,2024-02-24,6,2,2024
1150,163.53,10.21,1681.35,2024-02-25,7,2,2024
1151,108.4,19.91,1185.55,2024-02-26,1,2,2024
1152,185.67,46.16,2088.5,2024-02-27,2,2,2024
1153,140.13,16.47,1482.6499999999999,2024-02-28,3,2,2024
1154,143.82,43.22,1659.2999999999997,2024-02-29,4,2,2024
1155,180.88,27.76,1949.6,2024-03-01,5,3,2024
1156,170.62,17.84,1794.4,2024-03-02,6,3,2024
1157,174.2,45.95,1974.75,2024-03-03,7,3,2024
1158,162.03,11.65,1676.55,2024-03-04,1,3,2024
1159,185.57,29.7,2009.1999999999998,2024-03-05,2,3,2024
1160,176.81,32.99,1928.05,2024-03-06,3,3,2024
1161,178.6,32.5,1951.5,2024-03-07,4,3,2024
1162,147.15,42.78,1681.4,2024-03-08,5,3,2024
1163,173.51,23.62,1848.1999999999998,2024-03-09,6,3,2024
1164,176.07,10.7,1817.1999999999998,2024-03-10,7,3,2024
1165,188.69,41.91,2093.4500000000003,2024-03-11,1,3,2024
1166,131.34,40.05,1514.65,2024-03-12,2,3,2024
1167,117.6,17.86,1265.3,2024-03-13,3,3,2024
1168,138.7,42.82,1598.1,2024-03-14,4,3,2024
1169,119.4,43.18,1408.9,2024-03-15,5,3,2024
1170,102.76,16.29,1112.0500000000002,2024-03-16,6,3,2024
1171,141.21,44.07,1634.45,2024-03-17,7,3,2024
1172,192.57,46.98,2164.6,2024-03-18,1,3,2024
1173,182.73,19.52,1928.8999999999999,2024-03-19,2,3,2024
1174,187.52,36.59,2062.15,2024-03-20,3,3,2024
1175,155.71,24.17,1679.95,2024-03-21,4,3,2024
1176,136.5,10.17,1411.85,2024-03-22,5,3,2024
1177,118.31,43.48,1397.5,2024-03-23,6,3,2024
1178,154.07,45.07,1767.0499999999997,2024-03-24,7,3,2024
1179,113.21,32.91,1300.6499999999999,2024-03-25,1,3,2024
1180,128.15,34.73,1450.15,2024-03-26,2,3,2024
1181,162.73,21.48,1730.7,2024-03-27,3,3,2024
1182,161.27,37.84,1806.9,2024-03-28,4,3,2024
1183,161.82,49.47,1860.5499999999997,2024-03-29,5,3,2024
1184,104.66,41.03,1254.75,2024-03-30,6,3,2024
1185,106.64,20.41,1172.45,2024-03-31,7,3,2024
1186,124.79,43.42,1460.0,2024-04-01,1,4,2024
1187,166.05,48.94,1900.2,2024-04-02,2,4,2024
1188,110.98,12.27,1170.1499999999999,2024-04-03,3,4,2024
1189,112.27,25.22,1253.8,2024-04-04,4,4,2024
1190,160.72,29.85,1753.45,2024-04-05,5,4,2024
1191,126.21,13.93,1329.75,2024-04-06,6,4,2024
1192,161.57,33.88,1782.1,2024-04-07,7,4,2024
1193,197.58,39.0,2169.8,2024-04-08,1,4,2024
1194,179.68,22.67,1909.15,2024-04-09,2,4,2024
1195,150.62,32.26,1663.5,2024-04-10,3,4,2024
1196,135.86,11.67,1420.95,2024-04-11,4,4,2024
1197,111.78,10.89,1173.25,2024-04-12,5,4,2024
1198,158.87,23.08,1702.1000000000001,2024-04-13,6,4,2024
1199,120.31,49.12,1444.6999999999998,2024-04-14,7,4,2024
1200,178.94,43.84,2005.6000000000001,2024-04-15,1,4,2024
1201,102.68,38.17,1220.65,2024-04-16,2,4,2024
1202,174.47,14.53,1821.3500000000001,2024-04-17,3,4,2024
1203,194.75,30.46,2094.8,2024-04-18,4,4,2024
1204,182.77,14.26,1902.0,2024-04-19,5,4,2024
1205,137.71,37.71,1560.65,2024-04-20,6,4,2024
1206,115.74,17.74,1248.1,2024-04-21,7,4,2024
1207,165.45,27.96,1798.3,2024-04-22,1,4,2024
1208,182.58,42.6,2033.8000000000002,2024-04-23,2,4,2024
1209,135.37,29.99,1508.65,2024-04-24,3,4,2024
1210,108.7,10.37,1143.85,2024-04-25,4,4,2024
1211,125.97,20.1,1361.2,2024-04-26,5,4,2024
1212,157.08,45.53,1803.4500000000003,2024-04-27,6,4,2024
1213,186.92,25.2,1995.1999999999998,2024-04-28,7,4,2024
1214,152.3,33.1,1690.5,2024-04-29,1,4,2024
1215,185.84,20.02,1959.5,2024-04-30,2,4,2024
1216,144.36,20.34,1548.3000000000002,2024-05-01,3,5,2024
1217,102.51,45.88,1251.5000000000002,2024-05-02,4,5,2024
1218,138.34,17.96,1473.2,2024-05-03,5,5,2024
1219,192.73,12.12,1988.8999999999999,2024-05-04,6,5,2024
1220,191.55,34.56,2090.3,2024-05-05,7,5,2024
1221,170.56,45.54,1938.3,2024-05-06,1,5,2024
1222,174.9,27.4,1889.0,2024-05-07,2,5,2024
1223,163.19,35.38,1805.8000000000002,2024-05-08,3,5,2024
1224,132.29,22.97,1436.7499999999998,2024-05-09,4,5,2024
1225,165.19,47.79,1893.8500000000001,2024-05-10,5,5,2024
1226,116.47,20.72,1269.3,2024-05-11,6,5,2024
1227,168.19,12.55,1745.65,2024-05-12,7,5,2024
1228,124.18,15.63,1315.9500000000003,2024-05-13,1,5,2024
1229,125.48,10.74,1312.5,2024-05-14,2,5,2024
1230,160.11,19.2,1697.1000000000001,2024-05-15,3,5,2024
1231,181.17,47.37,2049.5499999999997,2024-05-16,4,5,2024
1232,147.9,14.65,1547.25,2024-05-17,5,5,2024
1233,168.36,18.06,1775.9,2024-05-18,6,5,2024
1234,165.09,39.08,1843.3000000000002,2024-05-19,7,5,2024
1235,143.04,44.01,1648.4499999999998,2024-05-20,1,5,2024
1236,192.93,26.55,2063.05,2024-05-21,2,5,2024
1237,126.9,37.34,1453.7,2024-05-22,3,5,2024
1238,138.88,30.11,1544.35,2024-05-23,4,5,2024
1239,123.18,45.17,1462.65,2024-05-24,5,5,2024
1240,163.84,32.84,1807.6000000000001,2024-05-25,6,5,2024
1241,125.08,40.9,1459.3,2024-05-26,7,5,2024
1242,135.01,31.11,1508.6499999999999,2024-05-27,1,5,2024
1243,159.12,48.79,1838.15,2024-05-28,2,5,2024
1244,115.7,15.97,1231.85,2024-05-29,3,5,2024
1245,137.04,18.45,1459.6499999999999,2024-05-30,4,5,2024
1246,131.23,19.13,1407.95,2024-05-31,5,5,2024
1247,157.45,49.93,1821.15,2024-06-01,6,6,2024
1248,183.56,45.15,2059.35,2024-06-02,7,6,2024
1249,182.65,37.04,2008.7,2024-06-03,1,6,2024
1250,120.77,15.49,1290.15,2024-06-04,2,6,2024
1251,109.42,30.29,1248.65,2024-06-05,3,6,2024
1252,153.33,38.8,1724.3000000000002,2024-06-06,4,6,2024
1253,148.79,27.74,1624.6,2024-06-07,5,6,2024
1254,174.76,19.6,1841.6,2024-06-08,6,6,2024
1255,199.44,46.16,2227.2000000000003,2024-06-09,7,6,2024
1256,123.04,27.33,1371.0500000000002,2024-06-10,1,6,2024
1257,125.1,27.04,1382.2,2024-06-11,2,6,2024
1258,186.6,13.97,1935.85,2024-06-12,3,6,2024
1259,118.46,22.98,1300.5,2024-06-13,4,6,2024
1260,104.03,13.68,1110.7,2024-06-14,5,6,2024
1261,173.49,22.37,1847.75,2024-06-15,6,6,2024
1262,147.23,36.92,1651.9,2024-06-16,7,6,2024
1263,106.7,30.56,1214.8,2024-06-17,1,6,2024
1264,187.97,38.25,2070.95,2024-06-18,2,6,2024
1265,162.65,31.98,1789.4,2024-06-19,3,6,2024
1266,184.49,24.8,1963.9,2024-06-20,4,6,2024
1267,136.03,46.5,1597.8,2024-06-21,5,6,2024
1268,169.52,29.32,1843.8,2024-06-22,6,6,2024
1269,129.76,28.99,1444.55,2024-06-23,7,6,2024
1270,122.77,37.23,1418.85,2024-06-24,1,6,2024
1271,115.71,14.92,1232.6999999999998,2024-06-25,2,6,2024
1272,165.98,13.45,1728.05,2024-06-26,3,6,2024
1273,196.34,31.35,2122.15,2024-06-27,4,6,2024
1274,169.51,19.18,1786.0,2024-06-28,5,6,2024
1275,193.32,19.93,2030.85,2024-06-29,6,6,2024
1276,116.48,10.13,1216.45,2024-06-30,7,6,2024
1277,126.8,15.97,1346.85,2024-07-01,1,7,2024
1278,142.57,43.72,1639.2999999999997,2024-07-02,2,7,2024
1279,162.73,39.46,1829.6,2024-07-03,3,7,2024
1280,112.12,45.04,1342.4,2024-07-04,4,7,2024
1281,133.32,40.18,1537.1,2024-07-05,5,7,2024
1282,176.32,11.8,1820.1999999999998,2024-07-06,6,7,2024
1283,144.44,32.91,1613.95,2024-07-07,7,7,2024
1284,134.32,44.85,1566.4499999999998,2024-07-08,1,7,2024
1285,192.1,31.77,2082.85,2024-07-09,2,7,2024
1286,136.42,27.9,1501.6999999999998,2024-07-10,3,7,2024
1287,159.81,41.86,1806.3999999999999,2024-07-11,4,7,2024
1288,137.93,28.97,1526.15,2024-07-12,5,7,2024
1289,143.52,26.69,1571.65,2024-07-13,6,7,2024
1290,168.17,47.96,1926.4999999999998,2024-07-14,7,7,2024
1291,104.36,10.54,1100.3,2024-07-15,1,7,2024
1292,112.05,48.64,1368.7,2024-07-16,2,7,2024
1293,153.08,49.27,1773.15,2024-07-17,3,7,2024
1294,186.33,19.42,1957.4,2024-07-18,4,7,2024
1295,173.56,26.97,1866.4499999999998,2024-07-19,5,7,2024
1296,160.36,38.16,1794.4,2024-07-20,6,7,2024
1297,121.97,37.32,1408.3,2024-07-21,7,7,2024
1298,194.58,31.25,2105.05,2024-07-22,1,7,2024
1299,139.87,18.78,1490.6000000000001,2024-07-23,2,7,2024
1300,165.94,42.86,1878.7,2024-07-24,3,7,2024
1301,131.99,48.69,1558.3500000000001,2024-07-25,4,7,2024
1302,181.4,32.52,1977.6,2024-07-26,5,7,2024
1303,172.98,12.4,1787.8,2024-07-27,6,7,2024
1304,182.1,37.89,2008.45,2024-07-28,7,7,2024
1305,120.7,30.71,1364.55,2024-07-29,1,7,2024
1306,121.92,39.53,1414.8500000000001,2024-07-30,2,7,2024
1307,144.26,14.07,1507.9499999999998,2024-07-31,3,7,2024
1308,137.94,46.96,1617.2,2024-08-01,4,8,2024
1309,159.13,47.88,1834.7,2024-08-02,5,8,2024
1310,185.73,15.41,1939.35,2024-08-03,6,8,2024
1311,184.76,49.26,2091.9,2024-08-04,7,8,2024
1312,150.62,17.25,1594.45,2024-08-05,1,8,2024
1313,107.61,44.54,1301.8,2024-08-06,2,8,2024
1314,110.47,28.78,1253.6000000000001,2024-08-07,3,8,2024
1315,158.98,39.51,1786.35,2024-08-08,4,8,2024
1316,189.96,11.15,1959.3500000000001,2024-08-09,5,8,2024
1317,164.64,44.55,1870.1499999999999,2024-08-10,6,8,2024
1318,113.86,16.43,1217.75,2024-08-11,7,8,2024
1319,178.7,28.52,1927.6,2024-08-12,1,8,2024
1320,108.19,29.48,1227.3000000000002,2024-08-13,2,8,2024
1321,135.67,49.97,1610.5499999999997,2024-08-14,3,8,2024
1322,132.04,24.43,1440.55,2024-08-15,4,8,2024
1323,136.81,27.86,1511.3999999999999,2024-08-16,5,8,2024
1324,162.94,20.03,1725.5500000000002,2024-08-17,6,8,2024
1325,109.53,35.58,1274.1999999999998,2024-08-18,7,8,2024
1326,184.42,41.49,2052.6499999999996,2024-08-19,1,8,2024
1327,135.82,11.85,1417.4499999999998,2024-08-20,2,8,2024
1328,133.43,40.51,1539.8500000000001,2024-08-21,3,8,2024
1329,106.77,32.92,1237.3000000000002,2024-08-22,4,8,2024
1330,169.98,41.22,1908.8999999999999,2024-08-23,5,8,2024
1331,110.03,14.12,1168.8999999999999,2024-08-24,6,8,2024
1332,144.93,49.08,1695.7000000000003,2024-08-25,7,8,2024
1333,144.67,31.0,1604.6999999999998,2024-08-26,1,8,2024
1334,131.02,18.85,1399.45,2024-08-27,2,8,2024
1335,102.04,35.66,1194.7,2024-08-28,3,8,2024
1336,191.89,48.02,2159.0,2024-08-29,4,8,2024
1337,128.25,39.32,1484.1,2024-08-30,5,8,2024
1338,182.18,16.08,1907.2000000000003,2024-08-31,6,8,2024
1339,160.24,31.98,1762.3000000000002,2024-09-01,7,9,2024
1340,171.54,42.38,1930.3,2024-09-02,1,9,2024
1341,122.83,11.92,1286.8999999999999,2024-09-03,2,9,2024
1342,100.15,28.37,1148.35,2024-09-04,3,9,2024
1343,121.79,47.61,1460.95,2024-09-05,4,9,2024
1344,176.03,46.67,1994.65,2024-09-06,5,9,2024
1345,115.16,46.65,1383.85,2024-09-07,6,9,2024
1346,156.15,32.85,1727.75,2024-09-08,7,9,2024
1347,158.98,23.58,1709.7,2024-09-09,1,9,2024
1348,140.0,32.04,1556.2,2024-09-10,2,9,2024
1349,117.22,15.86,1251.5,2024-09-11,3,9,2024
1350,195.95,27.22,2094.6,2024-09-12,4,9,2024
1351,170.06,31.37,1859.4499999999998,2024-09-13,5,9,2024
1352,127.25,27.7,1409.0,2024-09-14,6,9,2024
1353,103.45,22.55,1152.25,2024-09-15,7,9,2024
1354,146.39,18.88,1561.3,2024-09-16,1,9,2024
1355,143.23,15.77,1511.1499999999999,2024-09-17,2,9,2024
1356,129.04,35.13,1467.05,2024-09-18,3,9,2024
1357,165.77,10.25,1704.95,2024-09-19,4,9,2024
1358,104.72,18.2,1140.2,2024-09-20,5,9,2024
1359,104.92,21.38,1151.1000000000001,2024-09-21,6,9,2024
1360,165.26,42.01,1867.6499999999999,2024-09-22,7,9,2024
1361,194.53,17.25,2028.55,2024-09-23,1,9,2024
1362,156.47,22.22,1671.8,2024-09-24,2,9,2024
1363,182.9,19.4,1923.0,2024-09-25,3,9,2024
1364,182.17,30.07,1970.0499999999997,2024-09-26,4,9,2024
1365,159.95,16.15,1681.25,2024-09-27,5,9,2024
1366,131.21,44.08,1529.5,2024-09-28,6,9,2024
1367,170.32,20.85,1811.4499999999998,2024-09-29,7,9,2024
1368,128.34,28.42,1420.5,2024-09-30,1,9,2024
1369,138.62,10.35,1439.95,2024-10-01,2,10,2024
1370,119.08,28.26,1332.1,2024-10-02,3,10,2024
1371,198.83,34.14,2160.0,2024-10-03,4,10,2024
1372,175.51,13.26,1824.3999999999999,2024-10-04,5,10,2024
1373,146.38,45.25,1688.05,2024-10-05,6,10,2024
1374,127.28,18.54,1360.5,2024-10-06,7,10,2024
1375,125.33,18.67,1348.6499999999999,2024-10-07,1,10,2024
1376,194.7,10.51,2004.55,2024-10-08,2,10,2024
1377,180.13,42.8,2019.3,2024-10-09,3,10,2024
1378,199.45,30.18,2147.4,2024-10-10,4,10,2024
1379,116.39,49.05,1407.15,2024-10-11,5,10,2024
1380,187.49,29.85,2023.15,2024-10-12,6,10,2024
1381,123.21,27.36,1366.8999999999999,2024-10-13,7,10,2024
1382,186.2,42.51,2078.55,2024-10-14,1,10,2024
1383,186.53,40.7,2068.8,2024-10-15,2,10,2024
1384,186.9,27.56,2008.8,2024-10-16,3,10,2024
1385,133.0,35.44,1506.2,2024-10-17,4,10,2024
1386,174.91,45.89,1981.55,2024-10-18,5,10,2024
1387,174.0,43.67,1957.35,2024-10-19,6,10,2024
1388,147.05,17.79,1557.45,2024-10-20,7,10,2024
1389,123.28,22.09,1346.25,2024-10-21,1,10,2024
1390,184.09,41.01,2043.95,2024-10-22,2,10,2024
1391,117.09,27.82,1313.0,2024-10-23,3,10,2024
1392,196.62,46.73,2198.85,2024-10-24,4,10,2024
1393,113.15,17.71,1224.05,2024-10-25,5,10,2024
1394,130.97,25.68,1437.1000000000001,2024-10-26,6,10,2024
1395,168.6,31.99,1846.95,2024-10-27,7,10,2024
1396,173.2,22.73,1842.65,2024-10-28,1,10,2024
1397,183.6,29.52,1980.6,2024-10-29,2,10,2024
1398,174.58,26.98,1875.7000000000003,2024-10-30,3,10,2024
1399,197.18,40.46,2176.1000000000004,2024-10-31,4,10,2024
1400,116.36,10.46,1212.8999999999999,2024-11-01,5,11,2024
1401,151.78,19.55,1611.55,2024-11-02,6,11,2024
1402,189.32,26.91,2026.7499999999998,2024-11-03,7,11,2024
1403,150.44,34.35,1671.15,2024-11-04,1,11,2024
1404,198.94,37.82,2179.5,2024-11-05,2,11,2024
1405,124.81,11.28,1304.5,2024-11-06,3,11,2024
1406,112.58,15.93,1206.45,2024-11-07,4,11,2024
1407,148.91,26.51,1624.6499999999999,2024-11-08,5,11,2024
1408,132.76,46.11,1558.1499999999999,2024-11-09,6,11,2024
1409,116.74,31.24,1325.6,2024-11-10,7,11,2024
1410,104.19,35.68,1215.3000000000002,2024-11-11,1,11,2024
1411,194.24,15.0,2014.4,2024-11-12,2,11,2024
1412,125.18,46.78,1481.7000000000003,2024-11-13,3,11,2024
1413,197.14,26.22,2098.5,2024-11-14,4,11,2024
1414,132.3,19.02,1417.1,2024-11-15,5,11,2024
1415,102.48,12.61,1091.85,2024-11-16,6,11,2024
1416,153.32,41.22,1736.2999999999997,2024-11-17,7,11,2024
1417,114.85,37.89,1337.95,2024-11-18,1,11,2024
1418,134.29,17.76,1426.6999999999998,2024-11-19,2,11,2024
1419,131.55,29.99,1463.45,2024-11-20,3,11,2024
1420,157.04,12.14,1630.1,2024-11-21,4,11,2024
1421,147.29,16.23,1559.05,2024-11-22,5,11,2024
1422,150.01,19.15,1591.85,2024-11-23,6,11,2024
1423,143.67,40.56,1637.4999999999998,2024-11-24,7,11,2024
1424,157.23,31.24,1733.5,2024-11-25,1,11,2024
1425,186.99,22.01,1977.95,2024-11-26,2,11,2024
1426,145.47,37.66,1644.0,2024-11-27,3,11,2024
1427,161.96,37.99,1813.5500000000002,2024-11-28,4,11,2024
1428,176.84,36.9,1948.9,2024-11-29,5,11,2024
1429,147.6,13.87,1550.35,2024-11-30,6,11,2024
1430,170.51,28.61,1846.1499999999999,2024-12-01,7,12,2024
1431,132.43,27.9,1468.8000000000002,2024-12-02,1,12,2024
1432,141.55,37.54,1599.2,2024-12-03,2,12,2024
1433,143.1,26.14,1560.7,2024-12-04,3,12,2024
1434,151.11,35.75,1685.8500000000001,2024-12-05,4,12,2024
1435,140.46,32.0,1568.6000000000001,2024-12-06,5,12,2024
1436,198.3,10.11,2032.55,2024-12-07,6,12,2024
1437,120.8,38.89,1403.45,2024-12-08,7,12,2024
1438,127.26,17.94,1363.3000000000002,2024-12-09,1,12,2024
1439,144.65,12.21,1503.55,2024-12-10,2,12,2024
1440,195.94,36.55,2142.15,2024-12-11,3,12,2024
1441,109.93,11.63,1159.4500000000003,2024-12-12,4,12,2024
1442,190.09,12.32,1967.5,2024-12-13,5,12,2024
1443,188.56,10.48,1943.0,2024-12-14,6,12,2024
1444,192.63,25.48,2050.7,2024-12-15,7,12,2024
1445,141.22,28.8,1552.2,2024-12-16,1,12,2024
1446,123.42,35.18,1408.1000000000001,2024-12-17,2,12,2024
1447,138.92,19.73,1492.85,2024-12-18,3,12,2024
1448,106.64,34.65,1237.65,2024-12-19,4,12,2024
1449,192.35,18.76,2020.3,2024-12-20,5,12,2024
1450,172.42,11.09,1779.6499999999999,2024-12-21,6,12,2024
1451,112.72,39.3,1327.7,2024-12-22,7,12,2024
1452,104.47,24.77,1165.55,2024-12-23,1,12,2024
1453,147.26,11.64,1530.8,2024-12-24,2,12,2024
1454,118.39,16.72,1266.5,2024-12-25,3,12,2024
1455,104.4,33.43,1207.15,2024-12-26,4,12,2024
1456,133.01,36.4,1514.1,2024-12-27,5,12,2024
1457,140.35,34.2,1576.5,2024-12-28,6,12,2024
1458,107.36,19.57,1172.4499999999998,2024-12-29,7,12,2024
1459,180.8,32.86,1972.3,2024-12-30,1,12,2024
1460,151.34,16.98,1595.3000000000002,2024-12-31,2,12,2024
1461,181.7,22.29,1931.45,2025-01-01,3,1,2025
1462,195.41,20.11,2058.65,2025-01-02,4,1,2025
1463,107.32,45.92,1307.7999999999997,2025-01-03,5,1,2025
1464,145.75,16.34,1537.2,2025-01-04,6,1,2025
1465,181.19,45.7,2042.4,2025-01-05,7,1,2025
1466,135.52,27.78,1492.1000000000001,2025-01-06,1,1,2025
1467,145.05,30.88,1608.9,2025-01-07,2,1,2025
1468,123.61,35.44,1413.3,2025-01-08,3,1,2025
1469,129.21,46.83,1524.25,2025-01-09,4,1,2025
1470,131.52,46.33,1546.85,2025-01-10,5,1,2025
1471,109.47,49.76,1338.5,2025-01-11,6,1,2025
1472,143.56,11.1,1490.1,2025-01-12,7,1,2025
1473,111.83,31.92,1280.9,2025-01-13,1,1,2025
1474,103.28,39.7,1230.3,2025-01-14,2,1,2025
1475,161.24,46.37,1839.25,2025-01-15,3,1,2025
1476,182.8,36.99,2008.95,2025-01-16,4,1,2025
1477,191.95,17.37,2007.35,2025-01-17,5,1,2025
1478,167.98,24.99,1806.75,2025-01-18,6,1,2025
1479,134.67,10.2,1393.6999999999998,2025-01-19,7,1,2025
1480,129.67,38.53,1492.35,2025-01-20,1,1,2025
1481,198.72,46.39,2224.15,2025-01-21,2,1,2025
1482,151.99,23.64,1633.1000000000001,2025-01-22,3,1,2025
1483,122.67,36.75,1409.45,2025-01-23,4,1,2025
1484,186.56,22.12,1976.1999999999998,2025-01-24,5,1,2025
1485,143.12,22.38,1547.1000000000001,2025-01-25,6,1,2025
1486,112.88,47.96,1372.6,2025-01-26,7,1,2025
1487,197.52,26.01,2102.25,2025-01-27,1,1,2025
1488,117.17,12.66,1233.0,2025-01-28,2,1,2025
1489,141.04,30.37,1562.2499999999998,2025-01-29,3,1,2025
1490,166.22,10.02,1717.3,2025-01-30,4,1,2025
1491,176.28,22.94,1876.5,2025-01-31,5,1,2025
1492,131.94,48.59,1562.3500000000001,2025-02-01,6,2,2025
1493,182.41,44.03,2044.25,2025-02-02,7,2,2025
1494,133.58,37.88,1525.2000000000003,2025-02-03,1,2,2025
1495,146.4,44.36,1688.8,2025-02-04,2,2,2025
1496,131.04,39.28,1504.8,2025-02-05,3,2,2025
1497,128.17,21.53,1388.35,2025-02-06,4,2,2025
1498,119.94,45.81,1428.45,2025-02-07,5,2,2025
1499,193.73,33.16,2107.1,2025-02-08,6,2,2025
1500,152.14,29.2,1668.3999999999999,2025-02-09,7,2,2025
1501,161.36,23.8,1737.6000000000001,2025-02-10,1,2,2025
1502,123.42,24.8,1358.2,2025-02-11,2,2,2025
1503,110.92,10.03,1154.3500000000001,2025-02-12,3,2,2025
1504,144.05,12.65,1503.75,2025-02-13,4,2,2025
1505,169.98,30.97,1854.6499999999999,2025-02-14,5,2,2025
1506,132.84,38.87,1520.75,2025-02-15,6,2,2025
1507,187.32,13.18,1934.1,2025-02-16,7,2,2025
1508,125.3,41.52,1459.6,2025-02-17,1,2,2025
1509,190.7,21.37,2009.85,2025-02-18,2,2,2025
1510,109.68,45.7,1323.3000000000002,2025-02-19,3,2,2025
1511,199.21,43.9,2207.6000000000004,2025-02-20,4,2,2025
1512,122.09,42.4,1433.9,2025-02-21,5,2,2025
1513,143.02,13.97,1501.05,2025-02-22,6,2,2025
1514,189.34,21.55,2004.15,2025-02-23,7,2,2025
1515,156.1,19.96,1664.8,2025-02-24,1,2,2025
1516,137.14,12.08,1435.8,2025-02-25,2,2,2025
1517,131.49,34.04,1489.1000000000001,2025-02-26,3,2,2025
1518,128.82,47.56,1525.9999999999998,2025-02-27,4,2,2025
1519,129.6,40.07,1495.35,2025-02-28,5,2,2025
1520,108.9,23.33,1201.65,2025-03-01,6,3,2025
1521,181.2,48.19,2055.95,2025-03-02,7,3,2025
1522,121.95,32.78,1388.4,2025-03-03,1,3,2025
1523,165.03,30.44,1806.5,2025-03-04,2,3,2025
1524,188.88,36.29,2070.25,2025-03-05,3,3,2025
1525,116.13,40.21,1365.35,2025-03-06,4,3,2025
1526,120.65,14.52,1284.1,2025-03-07,5,3,2025
1527,142.71,22.8,1542.1000000000001,2025-03-08,6,3,2025
1528,162.38,35.6,1801.8,2025-03-09,7,3,2025
1529,124.31,26.78,1381.0,2025-03-10,1,3,2025
1530,154.72,12.99,1610.15,2025-03-11,2,3,2025
1531,158.62,39.94,1789.9,2025-03-12,3,3,2025
1532,107.66,32.81,1237.6499999999999,2025-03-13,4,3,2025
1533,155.7,47.35,1795.75,2025-03-14,5,3,2025
1534,151.51,29.78,1662.0,2025-03-15,6,3,2025
1535,132.63,23.5,1440.8,2025-03-16,7,3,2025
1536,152.86,12.48,1586.0000000000002,2025-03-17,1,3,2025
1537,142.52,12.41,1485.25,2025-03-18,2,3,2025
1538,156.07,20.46,1665.9999999999998,2025-03-19,3,3,2025
1539,154.83,42.57,1761.15,2025-03-20,4,3,2025
1540,180.34,13.23,1866.5500000000002,2025-03-21,5,3,2025
1541,122.13,21.11,1323.85,2025-03-22,6,3,2025
1542,147.16,32.56,1629.3999999999999,2025-03-23,7,3,2025
1543,194.21,34.4,2117.1000000000004,2025-03-24,1,3,2025
1544,190.55,24.95,2027.25,2025-03-25,2,3,2025
1545,117.04,15.33,1244.0500000000002,2025-03-26,3,3,2025
1546,158.49,31.84,1739.1000000000001,2025-03-27,4,3,2025
1547,122.33,11.44,1275.5,2025-03-28,5,3,2025
1548,112.73,25.15,1255.05,2025-03-29,6,3,2025
1549,132.76,16.4,1410.6,2025-03-30,7,3,2025
1550,189.25,19.5,1991.0,2025-03-31,1,3,2025
1551,137.74,15.15,1448.15,2025-04-01,2,4,2025
1552,186.82,43.46,2082.5,2025-04-02,3,4,2025
1553,198.0,13.0,2047.0,2025-04-03,4,4,2025
1554,132.16,25.76,1455.3999999999999,2025-04-04,5,4,2025
1555,194.79,45.35,2177.6499999999996,2025-04-05,6,4,2025
1556,123.35,11.11,1294.05,2025-04-06,7,4,2025
1557,182.66,20.79,1925.55,2025-04-07,1,4,2025
1558,185.53,38.16,2048.1,2025-04-08,2,4,2025
1559,104.45,31.93,1208.15,2025-04-09,3,4,2025
1560,190.51,49.15,2154.85,2025-04-10,4,4,2025
1561,138.51,31.79,1549.05,2025-04-11,5,4,2025
1562,109.89,29.17,1247.75,2025-04-12,6,4,2025
1563,164.91,32.86,1815.3999999999999,2025-04-13,7,4,2025
1564,169.54,44.81,1920.4499999999998,2025-04-14,1,4,2025
1565,179.0,11.26,1847.3,2025-04-15,2,4,2025
1566,176.63,18.08,1858.7,2025-04-16,3,4,2025
1567,149.73,39.03,1693.45,2025-04-17,4,4,2025
1568,174.0,34.15,1907.75,2025-04-18,5,4,2025
1569,184.63,46.58,2084.2,2025-04-19,6,4,2025
1570,164.94,19.77,1752.25,2025-04-20,7,4,2025
1571,119.26,46.2,1427.6000000000001,2025-04-21,1,4,2025
1572,128.44,20.97,1390.25,2025-04-22,2,4,2025
1573,182.48,13.64,1888.0,2025-04-23,3,4,2025
1574,110.78,36.95,1287.55,2025-04-24,4,4,2025
1575,163.12,17.29,1716.65,2025-04-25,5,4,2025
1576,188.84,19.04,1986.6000000000001,2025-04-26,6,4,2025
1577,176.15,11.53,1820.15,2025-04-27,7,4,2025
1578,125.11,18.54,1348.8,2025-04-28,1,4,2025
1579,157.34,16.76,1656.2,2025-04-29,2,4,2025
1580,168.58,23.16,1804.6000000000001,2025-04-30,3,4,2025
1581,150.9,41.04,1715.2,2025-05-01,4,5,2025
1582,197.71,46.24,2209.3,2025-05-02,5,5,2025
1583,127.36,32.7,1438.1,2025-05-03,6,5,2025
1584,157.27,43.5,1789.2,2025-05-04,7,5,2025
1585,132.64,22.66,1441.6999999999998,2025-05-05,1,5,2025
1586,140.52,10.47,1457.55,2025-05-06,2,5,2025
1587,104.1,41.06,1248.3,2025-05-07,3,5,2025
1588,191.65,32.76,2076.3,2025-05-08,4,5,2025
1589,112.66,38.35,1320.35,2025-05-09,5,5,2025
1590,195.17,39.32,2145.2999999999997,2025-05-10,6,5,2025
1591,176.13,46.49,1998.75,2025-05-11,7,5,2025
1592,150.93,44.97,1736.15,2025-05-12,1,5,2025
1593,100.59,28.92,1147.5,2025-05-13,2,5,2025
1594,129.95,37.65,1487.75,2025-05-14,3,5,2025
1595,138.16,11.9,1444.1,2025-05-15,4,5,2025
1596,124.51,16.75,1332.8500000000001,2025-05-16,5,5,2025
1597,101.12,17.0,1101.2,2025-05-17,6,5,2025
1598,152.15,37.61,1709.55,2025-05-18,7,5,2025
1599,128.12,44.29,1504.65,2025-05-19,1,5,2025
1600,106.42,18.27,1160.55,2025-05-20,2,5,2025
1601,139.38,49.95,1640.55,2025-05-21,3,5,2025
1602,190.73,43.54,2125.0,2025-05-22,4,5,2025
1603,146.94,25.77,1600.25,2025-05-23,5,5,2025
1604,189.25,11.82,1953.6,2025-05-24,6,5,2025
1605,109.78,41.16,1308.6,2025-05-25,7,5,2025
1606,118.51,23.49,1305.5500000000002,2025-05-26,1,5,2025
1607,172.42,26.03,1851.35,2025-05-27,2,5,2025
1608,115.76,44.6,1381.6000000000001,2025-05-28,3,5,2025
1609,137.01,34.91,1544.6499999999999,2025-05-29,4,5,2025
1610,178.78,40.64,1988.0,2025-05-30,5,5,2025
1611,141.94,15.7,1492.9,2025-05-31,6,5,2025
1612,181.0,24.43,1929.15,2025-06-01,7,6,2025
1613,140.81,30.07,1558.4499999999998,2025-06-02,1,6,2025
1614,107.89,25.6,1207.9,2025-06-03,2,6,2025
1615,110.34,46.14,1330.1000000000001,2025-06-04,3,6,2025
1616,161.54,26.27,1749.7499999999998,2025-06-05,4,6,2025
1617,125.88,18.46,1346.1,2025-06-06,5,6,2025
1618,199.07,27.47,2133.0499999999997,2025-06-07,6,6,2025
1619,151.02,39.37,1706.05,2025-06-08,7,6,2025
1620,176.65,27.2,1903.5,2025-06-09,1,6,2025
1621,120.18,27.36,1333.6000000000001,2025-06-10,2,6,2025
1622,112.47,36.83,1306.85,2025-06-11,3,6,2025
1623,143.91,13.99,1504.05,2025-06-12,4,6,2025
1624,154.52,31.91,1700.75,2025-06-13,5,6,2025
1625,150.97,13.37,1575.55,2025-06-14,6,6,2025
1626,146.16,26.44,1595.8,2025-06-15,7,6,2025
1627,139.33,22.72,1509.9,2025-06-16,1,6,2025
1628,156.96,34.77,1738.4500000000003,2025-06-17,2,6,2025
1629,170.23,31.56,1855.1,2025-06-18,3,6,2025
1630,152.71,24.99,1653.0500000000002,2025-06-19,4,6,2025
1631,149.09,45.3,1712.4,2025-06-20,5,6,2025
1632,155.08,22.9,1666.3000000000002,2025-06-21,6,6,2025
1633,174.99,20.12,1846.5,2025-06-22,7,6,2025
1634,171.39,44.59,1939.85,2025-06-23,1,6,2025
1635,176.37,35.04,1936.9,2025-06-24,2,6,2025
1636,126.03,15.78,1340.2,2025-06-25,3,6,2025
1637,135.03,12.16,1411.1,2025-06-26,4,6,2025
1638,148.82,13.2,1552.1999999999998,2025-06-27,5,6,2025
1639,110.26,18.95,1199.3500000000001,2025-06-28,6,6,2025
1640,165.78,28.82,1803.8999999999999,2025-06-29,7,6,2025
1641,103.05,44.68,1253.9,2025-06-30,1,6,2025
1642,148.16,39.23,1674.75,2025-07-01,2,7,2025
1643,139.64,45.38,1626.3,2025-07-02,3,7,2025
1644,149.25,10.77,1549.35,2025-07-03,4,7,2025
1645,118.19,40.87,1381.25,2025-07-04,5,7,2025
1646,169.49,19.17,1785.75,2025-07-05,6,7,2025
1647,125.93,19.25,1356.5500000000002,2025-07-06,7,7,2025
1648,145.25,41.54,1660.2,2025-07-07,1,7,2025
1649,110.57,26.76,1234.4999999999998,2025-07-08,2,7,2025
1650,108.59,39.18,1280.8000000000002,2025-07-09,3,7,2025
1651,157.99,28.5,1717.4,2025-07-10,4,7,2025
1652,102.73,48.69,1265.75,2025-07-11,5,7,2025
1653,171.77,20.25,1817.95,2025-07-12,6,7,2025
1654,167.15,36.55,1859.25,2025-07-13,7,7,2025
1655,103.35,47.52,1267.1,2025-07-14,1,7,2025
1656,185.21,23.26,1963.4,2025-07-15,2,7,2025
1657,117.65,29.58,1320.4,2025-07-16,3,7,2025
1658,140.33,46.1,1633.8000000000002,2025-07-17,4,7,2025
1659,195.69,17.46,2039.2,2025-07-18,5,7,2025
1660,133.14,16.89,1415.85,2025-07-19,6,7,2025
1661,194.82,17.51,2034.7499999999998,2025-07-20,7,7,2025
1662,198.48,31.54,2138.5,2025-07-21,1,7,2025
1663,119.94,28.81,1340.45,2025-07-22,2,7,2025
1664,170.78,31.9,1864.3,2025-07-23,3,7,2025
1665,139.98,30.49,1554.25,2025-07-24,4,7,2025
1666,123.95,29.08,1385.9,2025-07-25,5,7,2025
1667,114.81,48.74,1392.8,2025-07-26,6,7,2025
1668,174.56,15.54,1822.3,2025-07-27,7,7,2025
1669,103.38,32.18,1190.7,2025-07-28,1,7,2025
1670,161.33,42.13,1818.9500000000003,2025-07-29,2,7,2025
1671,101.79,36.3,1200.4,2025-07-30,3,7,2025
1672,199.63,27.78,2139.2,2025-07-31,4,7,2025
1673,153.68,18.67,1628.15,2025-08-01,5,8,2025
1674,164.16,40.62,1840.6999999999998,2025-08-02,6,8,2025
1675,103.05,47.8,1266.5,2025-08-03,7,8,2025
1676,144.02,43.44,1655.4,2025-08-04,1,8,2025
1677,130.31,15.63,1383.25,2025-08-05,2,8,2025
1678,191.7,41.55,2122.75,2025-08-06,3,8,2025
1679,175.15,47.74,1987.2,2025-08-07,4,8,2025
1680,178.3,37.74,1975.7,2025-08-08,5,8,2025
1681,179.66,24.74,1920.3,2025-08-09,6,8,2025
1682,150.84,26.0,1637.4,2025-08-10,7,8,2025
1683,129.05,33.96,1458.3,2025-08-11,1,8,2025
1684,173.54,25.53,1863.05,2025-08-12,2,8,2025
1685,161.36,41.73,1823.25,2025-08-13,3,8,2025
1686,126.38,32.99,1431.75,2025-08-14,4,8,2025
1687,180.53,38.06,1993.6,2025-08-15,5,8,2025
1688,122.94,21.94,1334.1000000000001,2025-08-16,6,8,2025
1689,104.7,15.81,1121.05,2025-08-17,7,8,2025
1690,104.98,40.88,1251.2,2025-08-18,1,8,2025
1691,164.31,39.86,1837.3999999999999,2025-08-19,2,8,2025
1692,148.65,39.12,1677.1,2025-08-20,3,8,2025
1693,104.57,46.28,1274.1,2025-08-21,4,8,2025
1694,154.66,48.41,1786.6499999999999,2025-08-22,5,8,2025
1695,176.39,46.15,1990.6499999999999,2025-08-23,6,8,2025
1696,113.7,36.12,1315.6,2025-08-24,7,8,2025
1697,166.9,43.05,1885.25,2025-08-25,1,8,2025
1698,112.06,46.33,1350.25,2025-08-26,2,8,2025
1699,191.99,48.28,2159.3,2025-08-27,3,8,2025
1700,129.7,28.4,1435.0,2025-08-28,4,8,2025
1701,139.57,41.02,1603.7999999999997,2025-08-29,5,8,2025
1702,121.71,30.21,1372.1499999999999,2025-08-30,6,8,2025
1703,118.33,40.95,1391.05,2025-08-31,7,8,2025
1704,131.22,35.68,1493.6000000000001,2025-09-01,1,9,2025
1705,185.97,46.72,2096.3,2025-09-02,2,9,2025
1706,143.22,13.24,1500.4,2025-09-03,3,9,2025
1707,103.35,18.76,1124.3,2025-09-04,4,9,2025
1708,128.34,23.82,1401.5,2025-09-05,5,9,2025
1709,153.84,43.14,1758.1000000000001,2025-09-06,6,9,2025
1710,167.65,19.49,1774.95,2025-09-07,7,9,2025
1711,134.05,49.98,1588.4,2025-09-08,1,9,2025
1712,115.13,37.08,1338.6999999999998,2025-09-09,2,9,2025
1713,150.47,17.44,1592.9,2025-09-10,3,9,2025
1714,196.53,14.14,2039.0,2025-09-11,4,9,2025
1715,114.34,39.92,1348.0,2025-09-12,5,9,2025
1716,131.57,34.72,1486.2999999999997,2025-09-13,6,9,2025
1717,169.61,48.54,1936.8000000000002,2025-09-14,7,9,2025
1718,132.85,15.76,1404.3,2025-09-15,1,9,2025
1719,150.72,45.77,1741.0500000000002,2025-09-16,2,9,2025
1720,151.1,22.52,1627.6,2025-09-17,3,9,2025
1721,139.89,10.87,1450.2499999999998,2025-09-18,4,9,2025
1722,165.5,45.4,1877.0,2025-09-19,5,9,2025
1723,166.48,10.21,1714.85,2025-09-20,6,9,2025
1724,113.82,20.56,1237.9999999999998,2025-09-21,7,9,2025
1725,148.81,47.07,1727.4499999999998,2025-09-22,1,9,2025
1726,176.29,12.3,1822.3999999999999,2025-09-23,2,9,2025
1727,129.85,40.72,1503.1,2025-09-24,3,9,2025
1728,164.15,25.76,1768.3,2025-09-25,4,9,2025
1729,123.06,18.63,1326.75,2025-09-26,5,9,2025
1730,124.64,15.87,1322.75,2025-09-27,6,9,2025
1731,124.4,23.71,1363.55,2025-09-28,7,9,2025
1732,114.73,33.25,1309.55,2025-09-29,1,9,2025
1733,168.85,47.17,1922.35,2025-09-30,2,9,2025
1734,138.79,23.3,1502.3999999999999,2025-10-01,3,10,2025
1735,183.76,13.04,1902.8,2025-10-02,4,10,2025
1736,112.29,43.98,1341.8000000000002,2025-10-03,5,10,2025
1737,159.3,26.2,1720.0,2025-10-04,6,10,2025
1738,170.49,33.18,1869.8000000000002,2025-10-05,7,10,2025
1739,141.26,41.44,1620.8,2025-10-06,1,10,2025
1740,173.34,19.03,1829.5500000000002,2025-10-07,2,10,2025
1741,157.82,33.62,1744.2999999999997,2025-10-08,3,10,2025
1742,121.54,25.17,1339.25,2025-10-09,4,10,2025
1743,114.65,28.67,1287.85,2025-10-10,5,10,2025
1744,129.53,40.74,1502.0,2025-10-11,6,10,2025
1745,195.33,14.54,2023.0000000000002,2025-10-12,7,10,2025
1746,177.22,32.31,1929.75,2025-10-13,1,10,2025
1747,118.58,12.65,1245.05,2025-10-14,2,10,2025
1748,180.75,21.55,1915.25,2025-10-15,3,10,2025
1749,140.02,13.29,1462.65,2025-10-16,4,10,2025
1750,140.2,26.24,1528.2,2025-10-17,5,10,2025
1751,190.39,38.59,2101.85,2025-10-18,6,10,2025
1752,154.63,15.89,1627.75,2025-10-19,7,10,2025
1753,111.33,26.67,1251.65,2025-10-20,1,10,2025
1754,121.44,10.85,1267.65,2025-10-21,2,10,2025
1755,109.88,33.5,1270.3,2025-10-22,3,10,2025
1756,112.88,20.43,1226.95,2025-10-23,4,10,2025
1757,188.38,38.48,2081.2,2025-10-24,5,10,2025
1758,141.01,22.28,1518.5,2025-10-25,6,10,2025
1759,171.06,46.42,1946.6999999999998,2025-10-26,7,10,2025
1760,169.36,26.73,1830.2500000000002,2025-10-27,1,10,2025
1761,149.43,10.35,1544.0500000000002,2025-10-28,2,10,2025
1762,174.25,15.59,1818.45,2025-10-29,3,10,2025
1763,100.07,46.16,1235.5,2025-10-30,4,10,2025
1764,134.4,35.83,1522.15,2025-10-31,5,10,2025
1765,168.14,40.16,1886.1999999999998,2025-11-01,6,11,2025
1766,192.35,35.95,2102.25,2025-11-02,7,11,2025
1767,170.88,41.8,1919.8,2025-11-03,1,11,2025
1768,155.97,31.42,1712.8000000000002,2025-11-04,2,11,2025
1769,114.03,47.13,1380.95,2025-11-05,3,11,2025
1770,177.06,15.55,1844.35,2025-11-06,4,11,2025
1771,145.09,14.98,1524.8000000000002,2025-11-07,5,11,2025
1772,117.63,15.96,1254.1,2025-11-08,6,11,2025
1773,165.86,18.05,1749.8500000000001,2025-11-09,7,11,2025
1774,193.69,23.98,2058.8,2025-11-10,1,11,2025
1775,159.32,47.55,1827.9499999999998,2025-11-11,2,11,2025
1776,143.79,28.28,1583.3,2025-11-12,3,11,2025
1777,171.55,42.38,1929.4,2025-11-13,4,11,2025
1778,181.37,18.23,1899.8500000000001,2025-11-14,5,11,2025
1779,102.94,13.81,1093.45,2025-11-15,6,11,2025
1780,173.24,21.89,1837.8500000000001,2025-11-16,7,11,2025
1781,171.6,34.25,1888.25,2025-11-17,1,11,2025
1782,121.45,45.23,1445.65,2025-11-18,2,11,2025
1783,135.4,49.3,1604.5,2025-11-19,3,11,2025
1784,126.4,35.27,1435.35,2025-11-20,4,11,2025
1785,175.53,23.32,1869.8999999999999,2025-11-21,5,11,2025
1786,141.38,25.19,1537.75,2025-11-22,6,11,2025
1787,199.36,43.83,2209.75,2025-11-23,7,11,2025
1788,125.0,13.42,1312.1,2025-11-24,1,11,2025
1789,167.45,31.1,1834.0,2025-11-25,2,11,2025
1790,180.71,31.4,1962.1000000000001,2025-11-26,3,11,2025
1791,135.2,31.88,1513.4,2025-11-27,4,11,2025
1792,152.76,33.16,1688.3999999999999,2025-11-28,5,11,2025
1793,101.61,27.3,1147.6,2025-11-29,6,11,2025
1794,126.37,23.23,1381.8500000000001,2025-11-30,7,11,2025
1795,167.52,17.32,1765.8,2025-12-01,1,12,2025
1796,174.79,48.63,1990.05,2025-12-02,2,12,2025
1797,141.01,35.75,1590.85,2025-12-03,3,12,2025
1798,161.59,30.74,1771.6000000000001,2025-12-04,4,12,2025
1799,121.8,49.38,1461.9,2025-12-05,5,12,2025
1800,175.22,46.67,1988.5500000000002,2025-12-06,6,12,2025
1801,113.07,37.05,1312.9499999999998,2025-12-07,7,12,2025
1802,194.95,30.72,2100.1,2025-12-08,1,12,2025
1803,153.41,43.22,1748.1999999999998,2025-12-09,2,12,2025
1804,136.03,10.51,1412.85,2025-12-10,3,12,2025
1805,149.65,11.64,1558.7,2025-12-11,4,12,2025
1806,141.3,21.75,1524.75,2025-12-12,5,12,2025
1807,194.33,32.67,2106.65,2025-12-13,6,12,2025
1808,189.55,44.47,2121.85,2025-12-14,7,12,2025
1809,185.89,19.9,1953.3999999999999,2025-12-15,1,12,2025
1810,129.51,33.9,1468.6,2025-12-16,2,12,2025
1811,163.93,42.32,1849.9,2025-12-17,3,12,2025
1812,149.35,32.05,1651.75,2025-12-18,4,12,2025
1813,141.05,40.73,1615.15,2025-12-19,5,12,2025
1814,138.8,47.85,1628.25,2025-12-20,6,12,2025
1815,159.7,20.49,1694.45,2025-12-21,7,12,2025
1816,188.61,40.72,2084.7000000000003,2025-12-22,1,12,2025
1817,125.97,28.69,1399.15,2025-12-23,2,12,2025
1818,190.29,24.54,2030.6,2025-12-24,3,12,2025
1819,139.01,38.3,1576.6,2025-12-25,4,12,2025
1820,124.96,28.49,1390.05,2025-12-26,5,12,2025
1821,192.18,18.04,2007.0000000000002,2025-12-27,6,12,2025
1822,150.45,25.94,1639.2,2025-12-28,7,12,2025
1823,162.63,48.54,1867.0,2025-12-29,1,12,2025
1824,160.08,46.75,1839.5500000000002,2025-12-30,2,12,2025
1825,177.13,10.65,1820.55,2025-12-31,3,12,2025
1826,129.01,30.44,1442.3,2026-01-01,4,1,2026
1827,126.04,27.31,1395.95,2026-01-02,5,1,2026
1828,116.79,27.56,1302.7,2026-01-03,6,1,2026
1829,145.82,22.6,1568.1999999999998,2026-01-04,7,1,2026
1830,104.03,44.52,1262.9,2026-01-05,1,1,2026
1831,164.55,15.09,1723.95,2026-01-06,2,1,2026
1832,136.56,25.15,1487.35,2026-01-07,3,1,2026
1833,117.54,37.6,1366.4,2026-01-08,4,1,2026
1834,176.13,40.0,1961.3,2026-01-09,5,1,2026
1835,165.04,23.2,1765.3999999999999,2026-01-10,6,1,2026
1836,157.92,13.9,1652.6999999999998,2026-01-11,7,1,2026
1837,168.94,19.59,1785.3500000000001,2026-01-12,1,1,2026
1838,168.38,41.94,1897.5,2026-01-13,2,1,2026
1839,125.6,15.62,1336.1,2026-01-14,3,1,2026
1840,139.49,26.24,1529.1000000000001,2026-01-15,4,1,2026
1841,112.01,45.72,1343.7,2026-01-16,5,1,2026
1842,147.38,15.8,1554.8,2026-01-17,6,1,2026
1843,181.76,47.52,2054.2,2026-01-18,7,1,2026
1844,148.24,28.7,1623.9,2026-01-19,1,1,2026
1845,158.79,25.04,1717.1,2026-01-20,2,1,2026
1846,198.29,30.66,2140.2,2026-01-21,3,1,2026
1847,148.35,20.65,1586.75,2026-01-22,4,1,2026
1848,164.44,42.41,1856.45,2026-01-23,5,1,2026
1849,157.75,27.38,1715.4,2026-01-24,6,1,2026
1850,132.0,25.83,1449.15,2026-01-25,7,1,2026
1851,145.15,21.12,1561.1,2026-01-26,1,1,2026
1852,186.2,42.19,2070.95,2026-01-27,2,1,2026
1853,181.19,49.82,2065.0,2026-01-28,3,1,2026
1854,116.76,28.59,1310.5500000000002,2026-01-29,4,1,2026
1855,138.44,33.95,1556.15,2026-01-30,5,1,2026
1856,138.06,34.91,1552.1499999999999,2026-01-31,6,1,2026
1857,156.45,37.61,1751.55,2026-02-01,7,2,2026
1858,143.86,10.62,1491.7,2026-02-02,1,2,2026
1859,130.43,30.15,1455.0500000000002,2026-02-03,2,2,2026
1860,113.53,36.19,1318.25,2026-02-04,3,2,2026
1861,108.85,43.31,1307.05,2026-02-05,4,2,2026
1862,100.88,22.36,1115.6,2026-02-06,5,2,2026
1863,110.56,21.0,1205.6,2026-02-07,6,2,2026
1864,144.94,26.68,1579.8000000000002,2026-02-08,7,2,2026
1865,142.11,42.86,1631.4,2026-02-09,1,2,2026
1866,106.23,12.42,1126.3999999999999,2026-02-10,2,2,2026
1867,127.53,20.34,1378.0,2026-02-11,3,2,2026
1868,137.45,17.85,1461.75,2026-02-12,4,2,2026
1869,107.2,16.01,1151.05,2026-02-13,5,2,2026
1870,114.69,20.82,1248.0,2026-02-14,6,2,2026
1871,104.45,13.39,1111.45,2026-02-15,7,2,2026
1872,130.81,12.83,1369.25,2026-02-16,1,2,2026
1873,167.71,27.9,1819.6000000000001,2026-02-17,2,2,2026
1874,158.6,32.01,1742.05,2026-02-18,3,2,2026
1875,116.98,22.81,1283.85,2026-02-19,4,2,2026
1876,141.98,15.25,1493.05,2026-02-20,5,2,2026
1877,149.95,13.58,1569.4,2026-02-21,6,2,2026
1878,143.66,34.89,1611.05,2026-02-22,7,2,2026
1879,139.15,24.7,1512.0,2026-02-23,1,2,2026
1880,164.16,45.43,1870.75,2026-02-24,2,2,2026
1881,182.59,47.05,2057.15,2026-02-25,3,2,2026
1882,150.4,14.48,1571.4,2026-02-26,4,2,2026
1883,139.17,18.76,1485.4999999999998,2026-02-27,5,2,2026
1884,122.7,37.18,1409.9,2026-02-28,6,2,2026
1885,100.23,34.36,1178.1000000000001,2026-03-01,7,3,2026
1886,194.68,42.39,2160.75,2026-03-02,1,3,2026
1887,153.87,32.49,1701.15,2026-03-03,2,3,2026
1888,196.96,16.68,2048.0,2026-03-04,3,3,2026
1889,152.15,24.38,1648.4,2026-03-05,4,3,2026
1890,107.95,32.6,1244.5,2026-03-06,5,3,2026
1891,157.52,16.74,1659.9,2026-03-07,6,3,2026
1892,109.74,10.32,1146.9999999999998,2026-03-08,7,3,2026
1893,126.04,10.94,1312.1000000000001,2026-03-09,1,3,2026
1894,197.72,14.47,2045.5500000000002,2026-03-10,2,3,2026
1895,181.79,39.61,2010.9499999999998,2026-03-11,3,3,2026
1896,193.43,47.28,2166.7000000000003,2026-03-12,4,3,2026
1897,136.63,22.09,1481.75,2026-03-13,5,3,2026
1898,122.05,25.09,1345.95,2026-03-14,6,3,2026
1899,125.27,24.45,1373.95,2026-03-15,7,3,2026
1900,137.98,36.37,1564.6499999999999,2026-03-16,1,3,2026
1901,191.74,49.23,2168.55,2026-03-17,2,3,2026
1902,182.31,26.18,1955.0,2026-03-18,3,3,2026
1903,182.94,43.46,2046.7,2026-03-19,4,3,2026
1904,145.62,44.12,1680.8,2026-03-20,5,3,2026
1905,112.71,12.76,1188.8999999999999,2026-03-21,6,3,2026
1906,121.46,20.47,1315.9499999999998,2026-03-22,7,3,2026
1907,106.1,16.29,1141.45,2026-03-23,1,3,2026
1908,110.41,37.58,1294.0,2026-03-24,2,3,2026
1909,137.12,48.3,1608.7,2026-03-25,3,3,2026
1910,174.85,15.05,1824.75,2026-03-26,4,3,2026
1911,145.31,34.52,1626.6999999999998,2026-03-27,5,3,2026
1912,186.31,18.52,1953.6999999999998,2026-03-28,6,3,2026
1913,118.95,10.35,1241.25,2026-03-29,7,3,2026
1914,161.03,46.95,1844.05,2026-03-30,1,3,2026
1915,153.79,41.3,1748.3999999999999,2026-03-31,2,3,2026
1916,195.98,42.62,2175.9,2026-04-01,3,4,2026
1917,110.01,38.92,1289.7000000000003,2026-04-02,4,4,2026
1918,127.51,19.63,1368.2500000000002,2026-04-03,5,4,2026
1919,145.38,26.36,1581.6,2026-04-04,6,4,2026
1920,131.42,42.14,1529.8999999999999,2026-04-05,7,4,2026
1921,124.68,36.03,1422.9500000000003,2026-04-06,1,4,2026
1922,154.76,12.18,1603.5,2026-04-07,2,4,2026
1923,184.53,11.51,1900.85,2026-04-08,3,4,2026
1924,160.25,16.2,1683.5,2026-04-09,4,4,2026
1925,140.76,43.44,1628.8,2026-04-10,5,4,2026
1926,166.99,48.13,1911.5500000000002,2026-04-11,6,4,2026
1927,113.96,11.74,1194.3,2026-04-12,7,4,2026
1928,147.31,28.06,1608.3999999999999,2026-04-13,1,4,2026
1929,111.53,35.78,1297.2,2026-04-14,2,4,2026
1930,170.6,28.36,1848.8,2026-04-15,3,4,2026
1931,103.04,24.78,1150.3000000000002,2026-04-16,4,4,2026
1932,128.67,10.31,1341.2499999999998,2026-04-17,5,4,2026
1933,189.66,25.62,2028.6999999999998,2026-04-18,6,4,2026
1934,103.7,25.79,1164.95,2026-04-19,7,4,2026
1935,117.87,19.99,1278.65,2026-04-20,1,4,2026
1936,144.51,16.8,1524.1,2026-04-21,2,4,2026
1937,159.46,12.58,1661.5000000000002,2026-04-22,3,4,2026
1938,113.39,28.11,1272.45,2026-04-23,4,4,2026
1939,195.72,12.98,2020.1000000000001,2026-04-24,5,4,2026
1940,125.52,42.87,1466.55,2026-04-25,6,4,2026
1941,138.91,30.77,1543.9499999999998,2026-04-26,7,4,2026
1942,166.75,46.88,1902.9,2026-04-27,1,4,2026
1943,185.73,43.04,2072.5,2026-04-28,2,4,2026
1944,111.1,17.25,1198.25,2026-04-29,3,4,2026
1945,172.32,17.33,1814.85,2026-04-30,4,4,2026
1946,135.55,14.73,1432.15,2026-05-01,5,5,2026
1947,159.73,19.61,1695.35,2026-05-02,6,5,2026
1948,179.6,21.72,1900.6,2026-05-03,7,5,2026
1949,145.49,24.16,1570.7,2026-05-04,1,5,2026
1950,179.19,28.36,1935.7,2026-05-05,2,5,2026
1951,120.42,34.51,1374.75,2026-05-06,3,5,2026
1952,128.45,35.87,1461.85,2026-05-07,4,5,2026
1953,137.31,26.63,1505.25,2026-05-08,5,5,2026
1954,177.39,23.59,1891.85,2026-05-09,6,5,2026
1955,112.5,13.37,1191.85,2026-05-10,7,5,2026
1956,186.69,20.7,1975.4,2026-05-11,1,5,2026
1957,135.04,47.97,1585.2499999999998,2026-05-12,2,5,2026
1958,175.33,12.06,1810.6000000000001,2026-05-13,3,5,2026
1959,174.26,19.76,1837.3999999999999,2026-05-14,4,5,2026
1960,147.81,40.92,1678.6999999999998,2026-05-15,5,5,2026
1961,199.61,15.87,2080.4500000000003,2026-05-16,6,5,2026
1962,144.99,25.09,1572.3500000000001,2026-05-17,7,5,2026
1963,182.65,22.57,1944.35,2026-05-18,1,5,2026
1964,188.28,45.14,2113.5,2026-05-19,2,5,2026
1965,101.26,32.13,1176.25,2026-05-20,3,5,2026
1966,160.52,16.08,1684.6000000000001,2026-05-21,4,5,2026
1967,172.87,39.97,1929.55,2026-05-22,5,5,2026
1968,143.12,45.97,1666.05,2026-05-23,6,5,2026
1969,135.53,42.44,1567.5,2026-05-24,7,5,2026
1970,190.4,40.5,2110.5,2026-05-25,1,5,2026
1971,157.23,20.2,1673.3,2026-05-26,2,5,2026
1972,174.15,22.98,1857.4,2026-05-27,3,5,2026
1973,157.53,17.24,1660.5,2026-05-28,4,5,2026
1974,101.61,27.16,1153.9,2026-05-29,5,5,2026
1975,154.05,36.37,1720.35,2026-05-30,6,5,2026
1976,139.33,24.68,1520.7000000000003,2026-05-31,7,5,2026
1977,186.71,16.13,1942.7500000000002,2026-06-01,1,6,2026
1978,165.87,49.47,1910.05,2026-06-02,2,6,2026
1979,131.08,16.7,1399.3000000000002,2026-06-03,3,6,2026
1980,158.91,36.16,1772.8999999999999,2026-06-04,4,6,2026
1981,142.59,29.71,1576.45,2026-06-05,5,6,2026
1982,139.97,33.96,1572.5,2026-06-06,6,6,2026
1983,129.38,20.88,1400.2,2026-06-07,7,6,2026
1984,145.21,14.24,1526.3000000000002,2026-06-08,1,6,2026
1985,156.8,30.27,1721.35,2026-06-09,2,6,2026
1986,133.05,26.04,1461.7,2026-06-10,3,6,2026
1987,182.65,43.71,2046.05,2026-06-11,4,6,2026
1988,190.43,11.77,1967.15,2026-06-12,5,6,2026
1989,162.91,41.51,1834.6499999999999,2026-06-13,6,6,2026
1990,195.08,48.49,2189.25,2026-06-14,7,6,2026
1991,126.75,17.56,1357.3,2026-06-15,1,6,2026
1992,118.63,28.48,1332.7,2026-06-16,2,6,2026
1993,111.61,12.59,1177.05,2026-06-17,3,6,2026
1994,161.6,30.47,1764.35,2026-06-18,4,6,2026
1995,153.36,23.14,1653.3000000000002,2026-06-19,5,6,2026
1996,162.61,13.5,1697.6000000000001,2026-06-20,6,6,2026
1997,189.7,22.68,2012.4,2026-06-21,7,6,2026
1998,130.8,43.04,1518.2,2026-06-22,1,6,2026
1999,131.26,17.08,1394.0,2026-06-23,2,6,2026
